	Date	Algerian dinar(DZD)	Australian dollar(AUD)	Botswana pula(BWP)	Brazilian real(BRL)	Brunei dollar(BND)	Canadian dollar(CAD)	Chilean peso(CLP)	Chinese yuan(CNY)	Czech koruna(CZK)	Danish krone(DKK)	Euro(EUR)	Indian rupee(INR)	Israeli New Shekel(ILS)	Japanese yen(JPY)	Korean won(KRW)	Kuwaiti dinar(KWD)	Malaysian ringgit(MYR)	Mauritian rupee(MUR)	Mexican peso(MXN)	New Zealand dollar(NZD)	Norwegian krone(NOK)	Omani rial(OMR)	Peruvian sol(PEN)	Philippine peso(PHP)	Polish zloty(PLN)	Qatari riyal(QAR)	Russian ruble(RUB)	Saudi Arabian riyal(SAR)	Singapore dollar(SGD)	South African rand(ZAR)	Swedish krona(SEK)	Swiss franc(CHF)	Thai baht(THB)	Trinidadian dollar(TTD)	U.A.E. dirham(AED)	U.K. pound(GBP)	U.S. dollar(USD)	Uruguayan peso(UYU)	
	17-Dec-2021	138.893  	0.7167  	0.0853  	5.6953  	1.3652  	1.2846  	849.65  	6.3723  	22.299  	6.5635  	1.133  	76.1733  	3.115  	113.85  	1183.5  		4.2105  	43.4913  	20.7337  	0.6798  	8.9835  		4.032  	50.135  	4.0882  		73.733  		1.3652  	15.8416  	9.0398  	0.9196  	33.381  	6.7751  		1.3287  	1  	44.363  	
	20-Dec-2021	139.1023  	0.7109  	0.085  	5.7049  	1.3675  	1.2942  	846.64  	6.3783  	22.379  	6.5966  	1.1273  	75.9865  	3.152  	113.59  	1184.4  	0.3027  	4.226  	43.5506  	20.7363  	0.6734  	9.0406  	0.3845  	4.039  	49.964  	4.1182  	3.64  	74.2947  	3.75  	1.3675  	15.8514  	9.145  	0.92365  	33.492  	6.7703  	3.6725  	1.32015  	1  	44.337  	
	21-Dec-2021	138.9914  	0.7113  	0.0855  	5.7367  	1.366  	1.2927  	863.21  	6.3716  	22.348  	6.5836  	1.1295  	75.5925  	3.164  	113.65  	1189.8  	0.3027  	4.2115  	43.5701  		0.6712  	8.9852  	0.3845  	4.05  	49.954  	4.0937  	3.64  	73.8206  	3.75  	1.366  	15.84915  	9.1304  	0.92225  	33.682  		3.6725  	1.32465  	1  		
	22-Dec-2021	139.0653  	0.7133  	0.0851  	5.7195  	1.3649  	1.2865  	868.76  	6.3735  	22.34  	6.5801  	1.1301  	75.5947  	3.165  	114.16  	1191.5  	0.3027  	4.21  	43.6172  	20.7527  	0.6758  	8.903  	0.3845  	4.043  	49.914  	4.0984  	3.64  	73.7901  	3.75  	1.3649  	15.87935  	9.151  	0.92285  	33.769  	6.7716  	3.6725  	1.3315  	1  	44.383  	
	23-Dec-2021		0.721  	0.0857  	5.6904  	1.3615  		866.25  	6.3704  	22.178  	6.5749  	1.131  	75.3481  	3.15  	114.21  	1191.2  	0.3025  	4.206  	43.6204  	20.6582  	0.6808  	8.8517  	0.3845  		50.038  	4.095  	3.64  	73.3583  		1.3615  	15.193  	9.1164  	0.9202  	33.593  		3.6725  	1.3434  	1  	44.4  	
	03-Jan-2022	138.6713  			5.6303  	1.351  		844.69  		21.86  	6.5506  	1.1355  	74.3115  	3.092  		1185.5  	0.3025  	4.171  		20.589  		8.8078  	0.3845  	3.987  	50.974  	4.0424  	3.64  		3.75  	1.351  	15.82355  	9.0504  	0.9121  		6.7742  	3.6725  		1  	44.614  	
	04-Jan-2022	138.9115  	0.7211  		5.677  	1.3548  	1.2708  	851.43  	6.3751  	21.944  	6.5944  	1.1279  	74.5717  	3.094  	115.42  	1190.8  	0.30265  	4.1815  	43.5069  	20.4742  		8.8783  	0.3845  	3.963  	50.989  	4.0468  			3.75  	1.3548  	16.0426  	9.0956  	0.9187  	33.311  	6.7723  	3.6725  	1.34955  	1  	44.725  	
	05-Jan-2022	138.856  	0.7232  	0.0848  	5.6622  	1.3557  	1.2717  	852.03  	6.372  	21.739  	6.5716  	1.1319  	74.484  	3.093  	116.2  	1194.3  	0.30265  	4.1905  	43.4163  	20.3977  	0.6813  	8.8057  	0.3845  	3.953  	51.246  	4.0396  			3.75  	1.3557  	15.85395  	9.0676  	0.9151  	33.198  	6.7495  	3.6725  	1.3541  	1  	44.731  	
	06-Jan-2022	138.893  	0.7177  	0.085  	5.7036  	1.3584  	1.2741  	841.63  	6.3742  	21.679  	6.5747  	1.1315  	74.4398  	3.109  	116.04  	1198.2  	0.30265  	4.202  	43.4556  	20.4588  	0.679  	8.8688  	0.3845  	3.967  	51.108  				3.75  	1.3584  	15.77045  		0.9178  	33.372  	6.7824  	3.6725  	1.3537  	1  		
	07-Jan-2022	139.3305  	0.7162  	0.0855  	5.6747  	1.3588  	1.2666  	838.88  	6.3734  	21.626  	6.5835  	1.1298  	74.2939  	3.109  	115.89  	1199.6  		4.2025  	43.5147  	20.4237  	0.6745  	8.8766  		3.948  	51.131  	4.0279  				1.3588  	15.62175  	9.1235  	0.92215  	33.6  	6.7811  		1.3551  	1  	44.515  	
	10-Jan-2022	139.3173  	0.7193  	0.0858  	5.673  	1.3556  	1.2679  	831.59  	6.3726  	21.525  	6.5719  	1.1318  	74.163  	3.116  		1202.4  	0.30255  	4.2013  	43.5967  	20.4453  	0.6777  	8.8578  	0.3845  	3.925  	51.249  	4.0064  		75.1315  	3.75  	1.3556  	15.7161  	9.0935  	0.92195  	33.693  	6.7794  	3.6725  	1.35835  	1  	44.671  	
	11-Jan-2022	139.4581  	0.7186  	0.0858  	5.6345  	1.3543  	1.2606  	831.39  	6.3726  	21.538  	6.5635  	1.1336  	73.9319  	3.127  	115.32  	1200  	0.30255  	4.1928  	43.5771  	20.3785  	0.677  	8.836  	0.3845  		51.347  	4.0106  		74.8355  	3.75  	1.3543  	15.63565  	9.0741  	0.9264  	33.509  	6.7881  	3.6725  	1.3584  	1  	44.63  	
	12-Jan-2022		0.7218  	0.0862  	5.5605  	1.3506  	1.251  	832.6  	6.3645  	21.47  	6.5448  	1.137  	73.9968  	3.112  	115.33  	1195.2  	0.3024  	4.1825  	43.5742  	20.366  	0.6788  	8.7309  	0.3845  	3.897  	51.174  	3.9879  		74.5277  	3.75  	1.3506  	15.4941  	9.0389  	0.92355  	33.382  	6.7857  	3.6725  	1.36345  	1  	44.647  	
	13-Jan-2022	139.3972  	0.7291  	0.0868  	5.524  	1.3463  	1.2484  	826.51  	6.3605  	21.34  	6.4912  	1.1463  	73.9348  	3.117  	114.66  	1189.9  	0.30205  	4.1795  	43.6018  	20.3607  	0.6854  	8.6655  		3.895  	51.1  	3.9463  	3.64  	74.5686  	3.75  	1.3463  	15.3826  	8.9129  	0.91205  	33.238  	6.7796  	3.6725  	1.3725  	1  	44.555  	
	14-Jan-2022		0.7283  	0.0868  	5.5343  	1.3455  	1.2545  	821.87  	6.346  	21.4  	6.5007  	1.1447  	74.1157  	3.111  	114  	1188.2  		4.1785  	43.5676  	20.3118  	0.6859  	8.7239  		3.879  	51.115  	3.9597  		75.7668  		1.3455  	15.34835  	8.9245  	0.9114  	33.198  	6.7634  		1.3723  	1  	44.591  	
	18-Jan-2022	139.6451  	0.7195  	0.0864  	5.5207  	1.3488  	1.2529  	822  	6.3504  	21.488  	6.5475  	1.1367  	74.4115  	3.124  	114.54  	1192.3  	0.30225  			20.403  	0.6802  	8.7655  	0.3845  	3.848  	51.278  	3.9734  	3.64  	76.3347  	3.75  	1.3488  	15.42255  	9.0403  	0.915  	33.014  	6.7342  	3.6725  	1.3601  	1  	44.574  	
	19-Jan-2022	139.6831  	0.7188  	0.0862  	5.4972  	1.3509  	1.2492  	820.6  	6.3527  	21.427  	6.5596  	1.1345  	74.5955  	3.125  	114.7  	1188.9  	0.30235  	4.1925  	43.6117  	20.46  	0.6774  	8.7587  	0.3845  	3.859  	51.32  	3.993  	3.64  	76.8697  	3.75  	1.3509  	15.35035  	9.1356  	0.91605  	33.19  	6.7583  	3.6725  	1.3631  	1  	44.639  	
	20-Jan-2022	139.6498  	0.7238  	0.0866  	5.416  	1.3469  	1.2474  	813.46  	6.3424  	21.399  	6.5641  	1.1338  	74.3618  	3.134  	114.28  	1191.8  	0.30235  	4.1855  	43.6247  	20.4507  	0.6781  	8.7827  	0.3845  	3.851  	51.458  	3.9833  	3.64  	76.4408  	3.75  	1.3469  	15.21995  	9.1066  	0.91545  	32.939  	6.746  	3.6725  	1.3606  	1  	44.609  	
	21-Jan-2022	139.7826  	0.7192  	0.0869  	5.4395  	1.3462  	1.2545  	805.25  	6.3411  	21.452  	6.559  	1.1348  	74.5343  	3.14  	113.83  	1190.4  		4.1865  	43.6685  	20.4598  	0.6734  	8.8582  		3.82  	51.428  	3.9953  		76.6903  		1.3462  	15.1492  	9.1803  	0.91315  	33.012  	6.7542  		1.35575  	1  	44.534  	
	24-Jan-2022	139.8571  	0.718  	0.0871  	5.4904  	1.3448  	1.2656  	799.23  	6.3318  	21.694  	6.5845  	1.1304  	74.5788  	3.167  	113.83  	1193.6  	0.30225  	4.1835  	43.5937  	20.6308  	0.6712  	8.9913  	0.3845  	3.835  	51.423  	4.0049  	3.64  	77.3649  	3.75  	1.3448  	15.2689  	9.2027  	0.9124  	33.028  	6.753  	3.6725  	1.3488  	1  	44.538  	
	25-Jan-2022	139.8642  	0.7133  	0.0865  	5.4965  	1.3431  	1.2629  	800.31  	6.329  	21.737  	6.6061  	1.1268  	74.7025  	3.183  	113.98  	1194.2  	0.30235  	4.188  	43.7139  	20.6683  	0.6693  	8.9976  	0.3845  	3.843  	51.312  	4.0593  	3.64  	78.6422  	3.75  	1.3431  	15.328  	9.2734  	0.92015  	33.042  	6.7619  	3.6725  	1.3446  	1  	44.475  	
	26-Jan-2022	139.8758  		0.0868  		1.3438  	1.2606  	806.06  	6.3234  	21.744  	6.5993  	1.1277  		3.176  	113.81  	1197.8  	0.30235  	4.1905  	43.7167  	20.6415  	0.6682  	8.8778  	0.3845  	3.84  	51.313  	4.0684  	3.64  	78.9437  	3.75  	1.3438  	15.14135  	9.259  	0.9205  	32.959  	6.7672  	3.6725  	1.35115  	1  	44.293  	
	27-Jan-2022	140.0048  	0.7082  		5.3806  	1.3504  	1.2712  	798.86  	6.3612  	21.891  	6.6692  	1.116  	75.1724  	3.196  	114.67  	1197  	0.3027  	4.203  	43.8057  	20.7383  	0.6639  	8.9519  	0.3845  	3.833  	51.24  	4.083  	3.64  	78.947  	3.75  	1.3504  	15.25705  	9.3588  	0.93065  	33.189  	6.7745  	3.6725  	1.3386  	1  		
	28-Jan-2022	140.2881  	0.7028  	0.0859  	5.3948  	1.3529  	1.2772  	799.15  	6.3642  	21.94  	6.6827  	1.1138  	74.9513  	3.196  	115.44  	1202.4  		4.192  	43.8325  	20.8597  	0.6576  	9.0016  		3.839  	51.393  	4.1048  		77.8174  		1.3529  	15.59735  	9.4369  	0.93185  	33.272  	6.7495  		1.3389  	1  	44.165  	
	31-Jan-2022	140.3482  	0.7011  		5.3568  	1.3557  	1.2719  	810.12  		21.84  	6.6708  	1.1156  	74.9674  	3.195  	115.43  		0.303  	4.189  	43.6686  		0.6546  	8.9714  	0.3845  		51.273  	4.1147  	3.64  	77.4702  	3.75  	1.3557  	15.5724  	9.3811  	0.93395  	33.431  	6.7277  	3.6725  	1.3404  	1  	44.154  	
	01-Feb-2022	140.343  	0.7066  	0.0862  	5.2804  		1.2694  			21.615  	6.6081  	1.126  	74.5295  	3.169  	115.15  						0.657  	8.8488  	0.3845  	3.866  		4.0689  	3.64  	77.1302  	3.75  		15.2156  	9.2868  	0.921  	33.244  	6.7416  	3.6725  	1.3495  	1  	43.907  	
	02-Feb-2022	140.2995  	0.7134  		5.295  		1.2677  	801.52  		21.449  	6.5692  	1.1323  	74.8334  	3.16  	114.7  		0.30255  			20.6003  	0.6648  	8.7634  	0.3845  	3.852  	51.135  	4.0283  	3.64  	76.4849  	3.75  		15.27785  	9.2185  	0.91935  	33.211  	6.7292  	3.6725  	1.3565  	1  	43.854  	
	03-Feb-2022	140.3953  	0.712  		5.3019  	1.3473  		805.95  		21.402  		1.1286  	74.857  	3.186  	114.45  	1205.7  	0.30245  	4.1815  	43.536  	20.5562  	0.6619  	8.8202  		3.858  		4.0267  	3.64  	76.6501  	3.75  	1.3473  	15.3278  	9.2075  	0.9226  	33.159  	6.7419  	3.6725  	1.36015  	1  	43.773  	
	04-Feb-2022	140.2394  	0.715  		5.3278  	1.3431  	1.2758  	817.29  		21.251  	6.4927  	1.1464  	74.7231  	3.199  	115  	1205.4  		4.1795  	43.4937  	20.7325  	0.6672  				51.041  	3.9657  		76.0509  		1.3431  	15.3398  	9.1008  	0.92275  	33.015  			1.3574  	1  		
	07-Feb-2022	140.409  	0.7092  	0.0862  	5.2907  	1.3464  	1.2688  	825.58  	6.3567  	21.18  	6.5033  	1.1447  		3.195  	115.23  	1199.5  	0.3022  	4.1858  	43.674  			8.7934  	0.3845  	3.839  	51.029  	3.9872  	3.64  	75.6806  	3.75  	1.3464  	15.4731  	9.1471  	0.9235  	32.943  	6.7475  	3.6725  	1.3512  	1  	43.641  	
	08-Feb-2022	140.534  	0.7121  	0.0859  	5.2693  	1.3438  	1.2709  	826.93  	6.3711  	21.268  	6.525  	1.1408  	74.69  	3.224  	115.29  	1199.4  	0.3022  	4.1865  	43.743  		0.6642  	8.8322  	0.3845  	3.837  	51.293  	3.9693  		75.3042  	3.75  	1.3438  	15.4731  	9.1369  	0.9229  	32.972  	6.7659  	3.6725  	1.3544  	1  	43.454  	
	09-Feb-2022	140.4652  	0.7167  	0.0864  	5.2729  	1.344  	1.268  	824.33  	6.3623  	21.246  	6.5096  	1.1435  	74.818  	3.216  	115.53  	1197.8  	0.3022  	4.185  	43.7927  	20.5008  	0.6643  	8.7962  	0.3845  	3.821  		3.953  	3.64  	74.8015  	3.75  	1.344  		9.1313  	0.9235  	32.886  	6.7667  	3.6725  	1.3578  	1  	43.234  	
	10-Feb-2022	140.4151  	0.7175  	0.0868  	5.2095  	1.3431  	1.2682  	820.79  	6.3576  	21.286  	6.5044  	1.1439  	74.9367  	3.221  	115.59  	1196  	0.3023  	4.185  	43.7675  	20.4148  	0.6682  	8.8026  	0.3845  	3.756  	51.377  	3.9218  	3.64  	74.7241  	3.75  	1.3431  	15.32025  	9.1283  	0.92495  	32.723  	6.7747  	3.6725  	1.3569  	1  	43.182  	
	11-Feb-2022	140.5839  	0.712  	0.0866  	5.1981  	1.3444  	1.2702  	804.2  	6.3614  	21.378  	6.5166  	1.1417  	75.3542  	3.235  		1196  		4.1883  	43.762  		0.6656  	8.823  		3.749  		3.9665  		74.9867  		1.3444  	15.10865  	9.2897  	0.92725  	32.708  	6.7833  		1.3563  	1  	43.047  	
	14-Feb-2022	140.648  	0.7118  	0.0867  	5.21  	1.347  	1.2738  	806.24  	6.3588  	21.676  	6.5757  	1.1316  	75.5533  	3.262  	115.4  	1199.6  	0.30245  	4.192  	43.7263  	20.411  	0.6643  	8.8983  	0.3845  	3.782  	51.329  	4.0439  	3.64  	76.5762  	3.75  	1.347  	15.20005  	9.385  	0.92475  	32.592  	6.7564  	3.6725  	1.3514  	1  	43.091  	
	15-Feb-2022	140.6065  	0.7127  	0.0869  	5.1875  	1.3467  	1.2741  	812.24  	6.3516  	21.527  	6.5599  	1.1345  	75.6611  	3.225  	115.42  	1198.3  	0.30255  	4.1865  	43.7676  	20.3992  	0.6622  	8.8932  	0.3845  	3.797  	51.375  	3.974  	3.64  	76.166  	3.75  	1.3467  	15.1155  	9.3116  	0.9244  	32.343  	6.7474  	3.6725  	1.35355  	1  	43.074  	
	16-Feb-2022	140.3694  	0.7155  	0.087  	5.1624  	1.3459  	1.2686  	804.17  	6.3357  	21.425  	6.5433  	1.1372  	75.0815  	3.183  	115.69  	1198.5  	0.30255  	4.189  	43.7683  	20.3335  	0.664  	8.8898  	0.3845  	3.769  	51.37  	3.9478  	3.64  	75.0141  	3.75  	1.3459  	15.0753  	9.2589  	0.92465  			3.6725  	1.3558  	1  	43.016  	
	17-Feb-2022	140.4132  	0.7172  	0.0872  	5.1559  	1.3448  	1.2695  	799.55  	6.3346  	21.444  	6.5434  	1.137  	75.0866  	3.189  	115.45  	1196.9  	0.30245  	4.185  	43.7814  	20.2978  	0.669  	8.9028  	0.3845  	3.747  	51.296  	3.9687  	3.64  	75.7527  	3.75  	1.3448  	14.96785  	9.3099  	0.92065  	32.236  	6.7528  	3.6725  	1.361  	1  	43.057  	
	18-Feb-2022	140.3882  	0.7206  	0.0874  	5.1333  	1.3432  	1.2734  	798.98  	6.3276  	21.435  	6.5512  	1.1354  	74.9223  	3.193  	114.94  	1197.1  		4.1845  	43.8168  	20.3063  	0.6689  	8.9365  		3.712  	51.288  	3.9798  		75.7619  		1.3432  	15.027  	9.2995  	0.92065  	32.147  	6.7388  		1.36195  	1  	43.023  	
	22-Feb-2022	140.7375  	0.7202  	0.0867  	5.0605  	1.3478  	1.2743  	799.99  	6.3374  	21.596  	6.559  	1.1342  	74.8804  	3.219  	114.7  	1194.6  		4.1845  	43.7356  	20.2977  	0.6708  	8.9065  	0.3845  	3.737  	51.393  	4.012  	3.64  	80.4194  	3.75  	1.3478  		9.3898  	0.91915  	32.396  	6.7606  	3.6725  	1.35545  	1  	42.634  	
	23-Feb-2022	140.5129  	0.7235  	0.0871  	5.0137  		1.2718  	796.25  	6.3219  	21.574  	6.5575  	1.1344  	74.6224  	3.223  		1194.7  		4.1845  	43.895  	20.2435  	0.6751  	8.8448  	0.3845  	3.709  	51.445  	3.9937  	3.64  		3.75  	1.3452  	15.0685  	9.3139  	0.9196  	32.394  	6.769  	3.6725  	1.35865  	1  	42.268  	
	24-Feb-2022	140.8421  	0.7198  	0.0864  	5.1168  	1.3516  	1.2832  	787.05  	6.3189  	22.452  	6.6653  	1.1163  	75.2578  	3.271  	114.94  	1192.1  	0.3027  	4.196  	43.9313  	20.6525  	0.6752  	9.0368  	0.3845  	3.786  	51.271  	4.1281  	3.64  	86.9288  	3.75  	1.3516  	15.29515  	9.5144  	0.92335  	32.451  	6.7709  	3.6725  	1.3395  	1  	43.025  	
	25-Feb-2022	141.1101  	0.7198  	0.0862  	5.1388  		1.2747  	807.26  	6.3141  	21.986  	6.635  	1.1216  	75.2842  	3.259  	115.54  			4.198  	43.9336  	20.4465  	0.6694  	8.8941  		3.753  		4.1683  		83.5485  			15.21255  	9.5289  	0.92655  	32.531  	6.7457  		1.33875  	1  	42.533  	
	28-Feb-2022	141.253  	0.7182  				1.2698  	805.25  	6.3109  	22.325  	6.6438  	1.1199  	75.4882  	3.238  	115.55  	1202.7  		4.201  	44.0047  	20.4257  	0.669  	8.8816  	0.3845  		51.291  	4.1965  	3.64  	93.5589  	3.75  	1.3597  	15.39345  	9.5274  	0.9217  	32.723  	6.7392  	3.6725  	1.33945  	1  		
	01-Mar-2022	141.2799  	0.726  	0.0859  		1.3566  	1.2708  	798.01  	6.3133  	22.824  	6.6634  	1.1162  		3.23  	115.25  			4.195  		20.5272  	0.6762  	8.8334  		3.782  	51.385  	4.2193  	3.64  	91.7457  	3.75  	1.3566  	15.41425  	9.4766  	0.9173  	32.611  	6.7376  	3.6725  	1.3409  	1  		
	02-Mar-2022	141.9794  	0.7269  	0.0857  	5.1341  	1.3582  	1.2668  	803.27  	6.3119  	23.297  	6.6979  	1.1106  	75.72  	3.233  	115  	1205.6  	0.3031  	4.192  	44.0296  	20.7193  	0.6765  	8.8984  	0.3845  	3.763  	51.249  	4.3302  	3.64  	103.2487  	3.75  	1.3582  	15.4657  	9.7027  	0.9194  	32.671  	6.7465  	3.6725  	1.3334  	1  	42.715  	
	03-Mar-2022	141.9045  	0.7301  	0.0858  		1.3563  	1.2664  	807.31  	6.3194  	23.154  	6.7171  	1.1076  	75.7111  	3.24  	115.6  	1205  	0.3032  	4.1905  	44.1733  	20.7033  	0.6777  	8.8857  	0.3845  	3.725  	51.391  	4.3257  	3.64  	111.7564  	3.75  	1.3563  	15.2443  	9.7061  	0.9205  	32.539  	6.7482  	3.6725  	1.33695  	1  	42.574  	
	04-Mar-2022	142.348  	0.7359  	0.086  	5.0752  	1.359  	1.275  	800.97  	6.321  	23.549  	6.807  	1.0929  	76.1246  	3.245  	115.38  			4.1853  	44.2496  	20.9262  	0.6771  	8.9997  		3.746  	51.47  	4.391  		105.8124  		1.359  	15.3723  	9.7886  	0.9178  	32.62  	6.7531  		1.3286  	1  		
	07-Mar-2022	143.0662  	0.7419  	0.0854  	5.0573  	1.3634  	1.2773  	806.89  	6.3187  	23.485  	6.8294  	1.0895  	76.9239  	3.282  	114.92  	1211.5  	0.3038  	4.179  	44.3368  	21.1947  	0.6888  	9.0248  	0.3845  	3.742  	51.696  	4.5722  	3.64  		3.75  	1.3634  	15.33125  	9.9855  	0.9253  	32.855  	6.7572  	3.6725  	1.3169  	1  	42.786  	
	08-Mar-2022	142.6342  	0.7309  	0.0853  	5.0897  	1.3628  	1.2867  	808.6  	6.3173  	23.541  	6.8345  	1.0892  	76.8816  	3.3  	115.47  	1225.4  	0.3039  	4.1803  	44.0713  	21.3775  	0.6841  	8.9905  	0.3845  	3.729  	52.061  	4.5115  	3.64  		3.75  	1.3628  	15.2954  	9.9258  	0.9258  	33.1  	6.7675  	3.6725  	1.31185  	1  	42.75  	
	09-Mar-2022	142.5674  	0.7285  	0.0857  	5.0088  	1.3653  	1.2821  	812.03  	6.3177  	23.074  	6.7716  	1.0993  	76.8567  	3.284  	115.87  		0.3039  	4.182  	43.8085  	20.9677  	0.6815  	8.9129  	0.3845  	3.714  	52.195  	4.4147  	3.64  	116.0847  	3.75  	1.3653  	15.15685  	9.8579  	0.9282  	33.18  	6.7583  	3.6725  	1.3148  	1  	42.543  	
	10-Mar-2022	142.3796  	0.7321  	0.0865  	5.0507  	1.3583  	1.2776  	803.57  	6.3207  	22.841  	6.7125  	1.1084  	76.116  	3.271  	116  	1234.5  	0.3035  	4.184  	43.604  	20.9743  	0.6827  	8.9489  	0.3845  	3.714  	52.239  	4.3482  	3.64  	120.3785  	3.75  	1.3583  	15.0961  	9.7469  	0.92685  	33.076  	6.7683  	3.6725  	1.3159  	1  	42.604  	
	11-Mar-2022	142.6985  	0.7336  	0.0862  	5.0249  	1.3594  	1.272  	806.03  	6.3203  	22.935  	6.77  	1.099  	76.4359  	3.264  	116.3  				43.8889  	20.9695  	0.6861  	8.9202  		3.688  	52.155  	4.3694  		116.7517  		1.3594  	15.0013  	9.7308  	0.93165  	33.225  	6.778  		1.3109  	1  	42.604  	
	14-Mar-2022	142.8352  		0.086  	5.0641  	1.3662  	1.2777  	802.48  	6.3606  	22.712  	6.7888  	1.096  	76.6086  	3.268  	117.58  	1232.4  	0.30415  	4.2055  	43.9445  	20.8908  	0.6803  	8.9953  	0.3845  	3.708  	52.268  	4.3221  	3.64  	115.1963  	3.75  	1.3662  	15.07615  	9.6293  	0.93585  	33.422  	6.7544  	3.6725  	1.3026  	1  	42.684  	
	15-Mar-2022	142.5478  	0.7186  	0.0859  	5.1308  	1.3666  	1.2803  	808.41  	6.3802  	22.623  	6.7701  	1.0991  	76.4879  	3.287  	118.23  	1238.6  	0.304  	4.2078  	43.7917  	20.8743  	0.674  	8.961  	0.3845  	3.726  	52.423  	4.2992  	3.64  	111.4823  	3.75  	1.3666  	15.14305  	9.6012  	0.93905  	33.498  	6.745  	3.6725  	1.3055  	1  	42.799  	
	16-Mar-2022	142.6853  	0.7207  	0.0861  	5.1281  	1.3644  	1.2721  	815.03  	6.348  	22.465  	6.7684  	1.0994  	76.3482  	3.263  	118.39  	1241.7  	0.304  	4.1995  	43.7988  	20.7035  	0.6743  	8.9129  	0.3845  	3.723  	52.402  	4.2828  	3.64  	108.0521  	3.75  	1.3644  	15.0232  	9.5348  	0.93995  	33.439  	6.7495  	3.6725  	1.3092  	1  	42.652  	
	17-Mar-2022	142.2855  	0.7318  	0.0865  	5.0758  	1.3577  	1.2651  	803.55  	6.3476  	22.423  	6.736  	1.1051  	75.8935  		118.97  	1240.4  	0.30385  	4.19  	43.8762  	20.5585  	0.6843  	8.8499  	0.3845  	3.73  	52.285  	4.2403  	3.64  	104.8012  	3.75  	1.3577  	14.95305  	9.4115  	0.93985  	33.253  	6.7452  	3.6725  	1.31555  	1  	42.507  	
	18-Mar-2022	142.199  	0.738  	0.0867  	5.0405  	1.3557  	1.2617  	798.13  	6.3619  	22.567  	6.7608  	1.1008  			118.68  	1220.6  		4.203  	44.0369  	20.4145  	0.6893  	8.8063  		3.761  	52.167  	4.2707  		103.9524  		1.3557  	14.97945  	9.4303  	0.93565  	33.307  	6.7406  		1.31295  	1  	42.617  	
	21-Mar-2022	142.4118  	0.7404  	0.0863  	4.966  	1.356  	1.2593  	802.23  	6.3634  	22.366  	6.7413  	1.1038  	76.1347  	3.239  		1211.1  	0.30385  	4.2  	44.0888  		0.6917  		0.3845  	3.782  	52.336  	4.2444  	3.64  	104.6819  	3.75  	1.356  		9.4301  	0.9307  	33.461  	6.7577  	3.6725  	1.3143  	1  	42.523  	
	22-Mar-2022	142.8185  	0.7394  	0.0863  	4.9202  	1.3583  	1.2588  	798.5  	6.3603  		6.7491  	1.1024  	76.3807  		120  	1213.7  	0.3041  	4.2135  	44.2176  	20.2782  	0.6872  		0.3845  	3.769  	52.365  	4.272  	3.64  	104.0741  	3.75  	1.3583  	14.8355  	9.4775  		33.632  	6.7656  	3.6725  	1.32215  	1  	42.322  	
	23-Mar-2022	142.5994  	0.7459  	0.0868  	4.8698  	1.3568  	1.2571  	793.22  	6.376  	22.397  	6.7711  	1.0985  	76.1872  	3.231  	121.19  	1221.4  	0.3041  	4.2195  	44.1875  	20.18  	0.6961  		0.3845  	3.766  	52.427  	4.2772  	3.64  	103.1618  	3.75  	1.3568  	14.82445  	9.4422  	0.93485  	33.544  	6.7684  	3.6725  	1.3204  	1  	42.052  	
	24-Mar-2022	142.7934  	0.7473  	0.0868  	4.8061  	1.358  	1.2545  	794.44  	6.3691  	22.52  	6.7769  	1.0978  	76.3403  	3.221  	121.24  	1212.7  	0.3041  	4.227  	44.409  	20.1313  	0.6969  		0.3845  	3.743  	52.373  	4.331  	3.64  	96.0458  	3.75  	1.358  		9.4101  	0.93085  	33.649  	6.7783  	3.6725  	1.32025  	1  	41.789  	
	25-Mar-2022	142.6245  	0.7526  	0.0874  		1.3565  	1.2502  	789.87  	6.3633  	22.4  	6.7628  	1.1002  	76.1781  	3.223  	121.82  	1219.4  		4.222  	44.387  	19.9577  	0.6961  	8.6534  		3.725  	52.364  	4.3125  		95.6618  		1.3565  	14.553  	9.4044  	0.92635  	33.512  	6.7836  		1.31965  	1  	41.478  	
	28-Mar-2022	142.9436  	0.7524  	0.087  		1.3606  	1.2541  	785.89  	6.3732  	22.485  	6.784  	1.0966  	76.2569  	3.222  	122.22  	1218.3  	0.30445  	4.214  	44.4602  	20.1195  	0.6949  	8.6744  	0.3845  		52.211  	4.2784  	3.64  	93.7125  	3.75  	1.3606  	14.5862  	9.4589  	0.93505  	33.709  	6.7631  	3.6725  	1.31565  	1  	41.365  	
	29-Mar-2022	142.7683  	0.7482  	0.0868  	4.748  	1.3609  	1.2509  	778.62  	6.3709  	22.081  	6.7107  	1.1085  	75.9731  	3.217  	124.2  	1225.7  	0.30445  	4.222  	44.3977  	19.9942  	0.6892  	8.6599  	0.3845  	3.717  	52.21  	4.2917  	3.64  	86.2843  	3.75  	1.3609  	14.5695  	9.424  	0.93585  	33.728  	6.7595  	3.6725  	1.30965  	1  	41.244  	
	30-Mar-2022	142.4128  	0.7527  	0.0876  		1.3546  	1.247  	777.1  	6.355  	21.987  	6.6862  	1.1126  	75.7678  	3.188  	122.5  	1220.5  	0.3039  	4.205  	44.4576  	19.8632  	0.6947  	8.6642  	0.3845  	3.723  	52.069  	4.1688  	3.64  	84.0851  	3.75  	1.3546  	14.4891  	9.3056  	0.92615  	33.451  		3.6725  	1.3138  	1  	40.969  	
	31-Mar-2022	142.46  	0.7482  	0.0876  	4.7372  	1.3534  	1.2496  	787.16  	6.3427  	21.963  	6.7002  	1.1101  	75.8071  	3.176  	122.4  	1210.8  	0.3039  	4.204  	44.4839  	19.9112  	0.6975  	8.7479  	0.3845  	3.695  	51.96  	4.1801  	3.64  	83.4097  	3.75  	1.3534  	14.57935  	9.2641  	0.9251  	33.305  	6.7545  	3.6725  	1.31255  	1  	41.115  	
	01-Apr-2022	142.7989  	0.7477  	0.0871  	4.6978  	1.3566  	1.2512  	787.98  	6.3588  	22.055  	6.7307  	1.1052  	75.8071  	3.203  	122.2  	1210.7  		4.209  	44.5131  	19.8432  	0.6924  	8.743  		3.641  	51.906  	4.1978  		83.4285  		1.3566  	14.6413  	9.3927  	0.9241  	33.382  	6.748  		1.3141  	1  	41.119  	
	04-Apr-2022	142.9144  	0.7514  	0.087  	4.6169  		1.249  	783.45  		22.099  	6.7592  	1.1005  		3.209  	122.43  	1216.1  	0.30415  	4.2185  	44.4934  	19.7443  	0.6923  	8.6769  	0.3845  	3.627  	51.664  	4.2073  	3.64  	83.5932  	3.75  	1.3572  	14.63165  	9.3791  		33.494  	6.7028  	3.6725  	1.30965  	1  	41.383  	
	05-Apr-2022	143.134  	0.7615  	0.0871  	4.6394  	1.3567  	1.2451  	779.33  		22.191  	6.7807  	1.0969  	75.3899  	3.205  	122.55  	1216.7  	0.3044  	4.2175  	44.5719  	19.9012  	0.6946  	8.6971  	0.3845  		51.45  	4.2233  	3.64  	83.352  	3.75  	1.3567  	14.54365  	9.3999  	0.92595  	33.458  	6.749  	3.6725  	1.3129  	1  	41.428  	
	06-Apr-2022	143.1825  	0.7572  	0.0865  	4.6961  	1.3606  	1.2509  	783.28  	6.3642  	22.375  		1.0923  	75.6016  	3.225  	124  	1212.6  	0.3048  	4.218  	44.612  	20.0665  	0.694  		0.3845  	3.71  	51.262  	4.2606  	3.64  		3.75  	1.3606  		9.4338  	0.93345  		6.7398  	3.6725  	1.30825  	1  	41.74  	
	07-Apr-2022		0.7483  	0.0868  	4.7416  	1.3602  	1.2584  	794.58  	6.3626  	22.457  	6.8137  	1.0916  	75.8029  	3.228  	123.64  	1219.1  	0.30465  	4.2183  	44.7039  	20.1605  	0.6906  	8.7573  	0.3845  	3.707  	51.386  	4.2727  	3.64  	76.2547  	3.75  	1.3602  		9.4669  	0.93325  	33.505  	6.7564  	3.6725  	1.3072  	1  	42.059  	
	08-Apr-2022	143.3145  	0.7483  	0.0864  	4.7507  	1.3632  		807.88  	6.3625  	22.546  	6.8476  	1.0861  	75.7811  	3.225  	124  	1218.5  		4.2205  	44.7898  	20.12  	0.6884  	8.7543  			51.385  	4.2703  		74.8501  		1.3632  	14.7284  	9.4755  	0.93465  	33.573  	6.7605  		1.3042  	1  	41.633  	
	11-Apr-2022	143.1145  	0.7448  	0.0866  	4.7019  	1.3658  	1.2621  	814.28  	6.3702  	22.417  	6.8234  	1.09  	75.9627  	3.211  	125  	1224  	0.30495  	4.2268  	44.1998  	20.0093  	0.6824  	8.7594  	0.3845  	3.709  	51.528  	4.2586  	3.64  	79.1596  	3.75  	1.3658  	14.6014  	9.446  	0.93405  	33.64  	6.7651  	3.6725  	1.3046  	1  	41.453  	
	12-Apr-2022	143.3708  	0.7433  	0.0868  		1.3653  	1.2617  	818.53  	6.3689  	22.515  	6.8483  	1.0861  	76.1127  	3.215  	125.53  	1232  	0.30495  	4.233  	43.7801  	19.8407  	0.682  	8.7833  	0.3845  	3.698  	51.914  	4.2926  	3.64  	79.6274  	3.75  	1.3653  	14.5896  	9.5203  	0.93265  	33.68  		3.6725  	1.3015  	1  	41.304  	
	13-Apr-2022	143.3988  	0.7451  	0.087  	4.6805  	1.3637  	1.2607  	806.73  	6.3653  	22.585  	6.8702  	1.0826  	76.2248  	3.207  	125.6  	1236.6  	0.3051  	4.2265  	43.5194  	19.7967  	0.6885  	8.8392  	0.3845  	3.728  	52.175  	4.2872  	3.64  	79.8471  	3.75  	1.3637  	14.4964  	9.5335  	0.9336  		6.7511  	3.6725  	1.30035  	1  	41.247  	
	14-Apr-2022	142.968  	0.7458  	0.087  	4.7152  	1.3529  	1.2601  	804.78  	6.369  	22.451  		1.0878  		3.199  	125.3  	1227.7  	0.3048  	4.2285  	43.2655  		0.6819  		0.3845  			4.2581  	3.64  	81.288  	3.75  	1.3529  	14.6453  	9.4429  	0.93475  		6.7502  	3.6725  	1.3131  	1  		
	15-Apr-2022	143.4924  							6.3727  						126.4  	1224.2  		4.2345  	43.1239  									80.0437  										1  		
	18-Apr-2022	143.6423  			4.674  	1.3594  	1.2618  	814.73  	6.3723  				76.3737  		126.64  	1230.1  	0.30525  	4.2483  	43.0537  	19.9377  			0.3845  	3.73  	51.975  		3.64  	79.4529  	3.75  	1.3594  				33.663  		3.6725  		1  		
	19-Apr-2022	143.6236  	0.7373  	0.0863  	4.6658  		1.2624  	817.7  	6.3771  	22.613  	6.8861  	1.0803  	76.2797  	3.236  	127.34  	1232.8  	0.30555  		43.1316  	20.0447  	0.6732  	8.815  		3.725  	52.231  	4.2887  	3.64  	79.0287  	3.75  	1.3642  	14.85215  	9.577  	0.94865  	33.72  	6.7568  	3.6725  	1.30275  	1  	41.128  	
	20-Apr-2022		0.7426  	0.0855  	4.6391  	1.3651  	1.2502  	818.18  	6.4163  	22.546  	6.8703  	1.083  	76.4183  	3.235  	129.4  	1234.9  	0.30555  	4.266  	43.197  	20.0383  	0.6762  	8.8128  	0.3845  	3.702  	52.381  	4.2708  	3.64  	77.0809  	3.75  	1.3651  	15.044  	9.4931  	0.94745  	33.816  	6.7488  	3.6725  	1.30585  	1  	40.796  	
	21-Apr-2022	143.127  	0.7444  	0.0854  		1.3658  	1.2529  	816.29  	6.4465  	22.394  	6.8341  	1.0887  	76.2091  	3.217  	128.28  	1237.1  	0.30525  	4.287  	43.2217  	20.1802  	0.678  	8.7984  	0.3845  	3.723  	52.453  	4.2596  	3.64  	74.999  	3.75  	1.3658  	15.2331  	9.3931  	0.94805  	33.825  	6.7646  	3.6725  	1.30655  	1  	40.126  	
	22-Apr-2022	143.702  	0.7335  	0.0842  	4.732  	1.3642  	1.2702  	817.85  	6.4736  	22.485  	6.8782  	1.0817  	76.3279  		128.61  	1236.4  		4.3075  	43.1843  	20.3183  	0.6716  	8.8985  		3.758  	52.395  	4.2935  		73.505  		1.3642  	15.5598  	9.5362  	0.955  	33.919  	6.7763  		1.29085  	1  	40.049  	
	25-Apr-2022	144.1584  		0.0835  	4.8812  	1.3741  	1.2758  	834.45  	6.5507  	22.725  	6.9227  	1.0746  	76.7366  	3.291  	128.78  	1241.7  	0.30575  	4.3475  	43.0788  			9.0283  	0.3845  	3.807  	52.337  	4.3188  	3.64  	73.3611  	3.75  	1.3741  	15.6445  	9.6014  	0.95865  	34.001  	6.7629  	3.6725  	1.27105  	1  	40.701  	
	26-Apr-2022	144.2084  	0.722  	0.0834  	4.966  	1.3716  	1.2797  	850.85  	6.5543  	22.884  	6.9696  	1.0674  	76.5612  	3.292  	127.6  	1247.1  	0.30575  	4.348  	43.0056  	20.356  	0.662  	9.1758  	0.3845  	3.811  	52.428  	4.3469  	3.64  	72.7089  	3.75  	1.3716  	15.70085  	9.7476  	0.95795  	34.144  	6.781  	3.6725  	1.2715  	1  	40.91  	
	27-Apr-2022		0.7179  	0.0829  	5.0161  	1.377  	1.2828  	847.57  	6.5583  	23.194  	7.0311  	1.0583  	76.6414  	3.325  	127.62  	1248.3  	0.3061  	4.3565  	43.0744  	20.4707  	0.6571  	9.2448  	0.3845  	3.824  	52.255  	4.4453  	3.64  	72.8764  		1.377  		9.8657  	0.9644  	34.36  	6.7653  	3.6725  	1.2587  	1  	41.444  	
	28-Apr-2022	144.5593  	0.7096  	0.0824  	5.0104  	1.3846  	1.2829  	847.44  	6.607  	23.393  	7.0979  	1.0485  	76.6167  	3.32  	129.9  	1263.1  	0.30665  	4.3615  	43.1556  	20.567  	0.6531  	9.4411  	0.3845  	3.846  	52.261  	4.4613  	3.64  	72.2953  		1.3846  	15.9665  	9.7979  	0.97285  	34.438  	6.7542  	3.6725  	1.2466  	1  	41.335  	
	29-Apr-2022	145.1267  	0.7148  	0.0825  	4.9185  	1.3848  	1.2792  	856.58  	6.5866  	23.344  	7.0602  	1.054  	76.4242  	3.317  	129.9  	1269.4  	0.30665  	4.359  	43.1997  	20.3728  	0.6504  	9.2528  	0.3845  	3.83  	52.158  	4.4072  	3.64  	71.0237  	3.75  	1.3848  	15.8293  	9.7666  	0.97055  	34.338  	6.7579  	3.6725  	1.25695  	1  	40.827  	
	02-May-2022		0.7043  		5.026  			850.78  		23.443  	7.0687  	1.0524  	76.4346  	3.352  	130.07  	1265.4  			43.2385  		0.64355  	9.4306  		3.838  	52.335  	4.4454  	3.64  					9.8383  	0.9731  					1  	40.926  	
	03-May-2022		0.7107  	0.082  	5.0161  		1.2847  	860.64  		23.357  	7.0484  	1.0556  		3.369  		1265.8  				20.335  	0.64615  	9.3871  									15.9492  	9.8743  	0.97725  	34.464  	6.7584  		1.24965  	1  	41.1  	
	04-May-2022	145.5768  	0.711  	0.0827  	5.0087  		1.281  	856.74  		23.402  	7.0657  	1.0531  	76.4841  	3.356  		1265.7  			43.2052  	20.2535  	0.64465  	9.4048  			52.297  	4.4456  		69.416  		1.3841  	15.9492  	9.8935  	0.98155  		6.7416  		1.2518  	1  	41.261  	
	05-May-2022	145.4319  	0.7241  	0.0834  		1.3735  		859.33  	6.6179  	23.287  	7.0406  	1.0568  	76.0887  					4.3365  	43.2143  	20.2218  	0.65585  	9.3171  		3.786  	52.46  	4.4017  		66.2378  		1.3735  	15.69815  	9.7667  	0.9773  	34.101  		3.6725  	1.2549  	1  		
	06-May-2022	145.7391  	0.7095  	0.0819  	5.0744  	1.3853  	1.2882  	863.1  	6.6805  	23.336  	7.0388  	1.057  	76.747  		130.5  	1261.8  		4.3725  	43.2162  	20.1085  	0.6415  	9.4426  		3.803  	52.331  	4.4502  		67.3843  		1.3853  	16.0344  	10.0027  	0.98325  	34.375  	6.7467  		1.23725  	1  	41.595  	
	09-May-2022	145.7521  	0.7002  	0.0817  	5.1334  	1.391  	1.2964  	857.58  	6.726  	23.726  	7.0447  	1.0559  	77.3679  	3.438  	130.8  	1272.7  	0.30695  	4.3795  	43.2622  	20.3172  	0.6374  	9.5258  	0.3845  	3.814  		4.4784  	3.64  		3.75  	1.391  		10.0038  		34.526  	6.7652  	3.6725  	1.23455  	1  	41.786  	
	10-May-2022	145.389  	0.6975  	0.0818  	5.1384  	1.3884  	1.3012  	867.87  	6.7242  	23.697  	7.0481  	1.0554  	77.3537  	3.463  	130.35  	1274.6  	0.3067  	4.377  	43.2359  	20.372  	0.63035  	9.6944  	0.3845  	3.81  	52.485  	4.4223  	3.64  		3.75  	1.3884  	16.1312  	10.0564  	0.99615  	34.568  	6.7763  	3.6725  	1.2355  	1  	41.653  	
	11-May-2022	145.4953  	0.6955  	0.0818  	5.1238  	1.3889  	1.297  	868.06  	6.7276  	24.034  	7.0495  	1.0553  	77.2641  	3.425  	130.4  	1275.5  	0.3068  	4.3835  	43.2449  		0.6306  	9.6459  	0.3845  	3.78  		4.419  	3.64  	68.8389  	3.75  	1.3889  	16.03165  	10.0173  	0.9901  	34.677  		3.6725  	1.2341  	1  		
	12-May-2022	146.0712  	0.6879  	0.0816  	5.1476  	1.3913  	1.3039  	861.76  	6.7838  	23.953  	7.1496  	1.0408  	77.5868  	3.466  	129.74  	1277  	0.3068  	4.3865  	43.2642  	20.32  	0.62945  	9.8864  	0.3845  	3.795  	52.267  	4.4863  	3.64  	65.7916  	3.75  	1.3913  		10.1327  	0.99615  	34.728  	6.7531  	3.6725  	1.22085  	1  	41.753  	
	13-May-2022	146.2839  	0.6898  	0.0817  	5.1069  	1.3948  	1.2953  	867.93  	6.7825  	23.825  		1.0385  	77.3543  	3.412  	128.9  	1286.4  		4.397  	43.257  	20.1443  	0.62385  			3.772  	52.386  	4.4849  		63.7799  		1.3948  	16.13065  	10.1011  	0.9996  	34.736  	6.7518  		1.21995  	1  	41.442  	
	16-May-2022	146.14  	0.6889  	0.0813  	5.066  		1.2888  	861.04  	6.8023  	23.709  	7.1405  	1.0422  		3.419  	128.95  	1286  	0.307  		43.2181  	20.0782  	0.62665  	9.805  	0.3845  	3.777  	52.434  	4.4785  	3.64  	63.4445  	3.75  		16.23945  	10.0594  	1.00405  		6.7392  	3.6725  	1.2268  	1  		
	17-May-2022	145.8585  	0.7007  	0.0818  	4.967  	1.3908  	1.2834  	857.98  	6.7535  	23.453  	7.0595  	1.0541  	77.651  	3.363  	129.34  	1281.6  	0.30685  	4.395  	43.2303  	19.9637  	0.6331  		0.3845  	3.755  	52.455  	4.4379  	3.64  	63.5428  	3.75  	1.3908  	15.9999  	9.9885  	0.99565  	34.626  	6.7524  	3.6725  	1.24655  	1  	40.6  	
	18-May-2022	145.5208  	0.7034  	0.0822  	4.9586  	1.3877  	1.2841  	850.78  	6.7518  	23.422  	7.072  	1.0523  	77.5716  	3.354  	129.31  	1277.2  	0.3065  	4.3945  	43.2688  	19.9663  	0.6357  	9.7049  	0.3845  	3.766  	52.448  	4.4279  	3.64  	63.5643  	3.75  	1.3877  	15.90895  	9.9506  	0.9965  	34.624  	6.7445  	3.6725  	1.2401  	1  	40.481  	
	19-May-2022	145.7397  	0.6996  	0.0818  	4.9192  	1.387  	1.2809  	849.9  	6.7639  	23.468  	7.0711  	1.0525  	77.6999  	3.391  	128.4  	1269.3  	0.3065  	4.4023  	43.287  	19.9267  	0.6301  	9.7959  	0.3845  	3.745  	52.422  	4.4231  	3.64  	62.4031  	3.75  	1.387  	15.97825  	10.0296  	0.9767  	34.63  	6.7597  	3.6725  	1.2426  	1  	40.331  	
	20-May-2022	145.5016  	0.704  	0.0825  	4.8771  	1.3811  	1.2829  	842.38  	6.674  	23.32  	7.0364  	1.0577  	77.5829  	3.359  	127.76  	1274.6  		4.3975  	43.2949  	19.8657  	0.6379  	9.7022  		3.728  	52.39  	4.3832  		58.8862  		1.3811  	15.81265  	9.9223  	0.97075  	34.447  	6.7461  		1.24815  	1  	40.194  	
	23-May-2022	145.3276  	0.7112  	0.0827  	4.7967  	1.3752  		833.58  	6.6683  	23.074  	6.9812  	1.0659  	77.589  	3.356  	127.76  	1269.5  	0.3061  	4.3885  	43.3427  	19.8282  	0.645  	9.6182  	0.3845  	3.711  	52.271  	4.3369  	3.64  	58.2087  	3.75  	1.3752  	15.70895  	9.8795  	0.9665  	34.288  	6.7397  	3.6725  	1.2579  	1  	40.001  	
	24-May-2022	145.25  	0.7083  	0.0827  	4.81  	1.3743  	1.2826  	829.59  	6.6666  	23.004  	6.9413  	1.072  	77.6352  	3.349  	127.87  	1267.7  	0.3059  	4.3905  	43.3147  	19.887  	0.6433  	9.5979  	0.3845  	3.713  	52.25  	4.3071  	3.64  	56.969  	3.75  	1.3743  	15.64785  	9.7714  	0.96615  	34.19  	6.7382  	3.6725  	1.25115  	1  	39.912  	
	25-May-2022	145.4199  	0.7107  	0.0831  	4.8353  	1.3726  	1.2837  	833.99  	6.6685  	23.135  	6.9825  	1.0656  	77.5137  	3.359  	126.97  	1264.3  	0.30575  	4.3925  	43.3859  	19.8377  	0.6475  	9.6381  	0.3845  		52.329  	4.3069  	3.64  	56.2996  	3.75  	1.3726  	15.7182  	9.8328  	0.96395  	34.205  		3.6725  	1.24905  	1  		
	26-May-2022	145.445  	0.7066  		4.7961  	1.3745  	1.2792  	835.43  	6.7324  	23.067  		1.0697  	77.6262  	3.363  	127.48  	1263.3  	0.30575  	4.3975  	43.5108  	19.7933  	0.64705  		0.3845  	3.657  	52.349  	4.3189  	3.64  	62.0495  	3.75  	1.3745  	15.79725  			34.29  	6.7294  	3.6725  	1.2615  	1  	39.884  	
	27-May-2022	145.099  	0.7134  	0.0831  	4.7428  	1.3705  	1.2738  	829.61  	6.7291  	23.043  		1.0722  	77.6592  	3.355  	127.01  	1266.4  		4.3825  	43.5253  		0.65045  	9.4936  			52.379  	4.2966  		66.4029  		1.3705  	15.6426  	9.8256  	0.9597  	34.168  	6.7375  		1.25915  	1  	39.81  	
	31-May-2022	145.2623  	0.7187  	0.0836  	4.7283  		1.2648  	826.26  	6.6612  	23.07  	6.9443  	1.0713  	77.6641  	3.338  	128.2  	1245.8  	0.30565  	4.3755  	43.4693  	19.694  	0.6531  	9.4262  	0.3845  	3.695  	52.243  	4.2651  	3.64  	61.6069  	3.75  	1.3697  	15.63755  	9.8005  	0.96005  	34.189  	6.7285  	3.6725  	1.2589  	1  	39.902  	
	01-Jun-2022	145.4071  	0.7168  	0.0831  	4.7759  	1.3725  	1.2639  	824.35  	6.6893  	23.102  	6.9448  	1.0712  	77.5554  	3.325  	128.92  		0.3058  	4.387  	43.4682  	19.7388  	0.6518  	9.3762  	0.3845  	3.718  	52.412  	4.2817  	3.64  	61.4733  	3.75  	1.3725  	15.52795  	9.7826  	0.9622  	34.333  	6.7307  	3.6725  	1.259  	1  	40.033  	
	02-Jun-2022	145.6214  	0.7157  	0.0832  	4.7873  	1.3766  	1.2597  	825.28  	6.6764  	23.095  	6.9576  	1.0692  	77.5883  	3.34  	130.04  	1238.4  	0.30605  	4.393  	43.493  	19.5585  	0.6472  	9.4318  	0.3845  	3.707  	52.461  	4.2931  	3.64  	61.575  	3.75  	1.3766  	15.53495  	9.8083  	0.9595  	34.385  	6.7391  	3.6725  		1  	40.009  	
	03-Jun-2022	145.2371  	0.7257  	0.0836  	4.795  	1.371  	1.2579  	815.56  		23.029  	6.9327  	1.073  	77.5994  		129.82  	1251.2  		4.386  	43.5584  	19.5742  	0.65555  	9.4157  		3.702  	52.58  	4.2689  		61.9659  		1.371  	15.49495  	9.6968  	0.9591  		6.7441  			1  	39.876  	
	06-Jun-2022	145.2624  	0.7201  	0.0834  	4.7833  	1.3753  	1.2564  	813.38  	6.6459  	23.043  		1.0726  	77.6718  	3.332  	130.75  		0.30595  		43.6784  	19.5547  			0.3845  	3.724  	52.821  	4.2675  	3.64  	61.1094  	3.75  	1.3753  	15.30855  			34.391  	6.7424  	3.6725  	1.2554  	1  	39.689  	
	07-Jun-2022	145.615  	0.7177  	0.0832  	4.8903  	1.379  	1.2555  	817.99  	6.6648  	23.202  	6.9776  	1.0662  	77.7239  	3.338  	132.23  	1241.1  	0.30615  	4.397  	43.7063  	19.5998  	0.6469  	9.552  	0.3845  	3.747  	52.916  	4.2935  	3.64  	60.9565  	3.75  	1.379  	15.39285  	9.8218  	0.97625  	34.461  	6.759  	3.6725  	1.2496  	1  	39.647  	
	08-Jun-2022	145.6403  	0.7202  	0.0835  	4.8705  	1.3751  	1.254  	828.99  	6.6774  	22.944  	6.9267  	1.0739  	77.7251  	3.339  	132.9  	1257.1  	0.30615  	4.3925  	43.7655  	19.59  	0.64735  	9.4418  	0.3845  	3.751  	52.922  	4.2904  	3.64  	60.2282  	3.75  	1.3751  	15.33815  	9.8068  	0.97745  	34.482  	6.7666  	3.6725  	1.2537  	1  	39.48  	
	09-Jun-2022	145.4891  	0.7176  	0.0838  	4.8945  	1.3758  	1.2644  	821.66  	6.6869  	22.985  	6.9246  	1.0743  	77.787  	3.338  	134.44  	1255.4  	0.30615  	4.392  	43.8942  	19.6128  	0.64365  	9.4776  	0.3845  	3.749  	52.899  	4.2764  	3.64  	58.3895  	3.75  	1.3758  	15.2801  	9.8291  	0.97775  	34.517  	6.7679  	3.6725  	1.25335  	1  	39.376  	
	10-Jun-2022	145.9237  	0.7121  	0.0833  	4.983  	1.381  	1.2777  	827.19  	6.6885  	23.355  	7.0324  	1.0578  	77.84  		134.2  	1257.6  		4.399  	43.958  	19.9297  	0.6397  	9.5949  		3.765  	52.945  	4.3363  		57.778  		1.381  	15.6255  	9.8975  	0.9815  	34.67  	6.757  		1.2442  	1  	39.575  	
	13-Jun-2022	146.3441  		0.0816  	5.1361  	1.3907  		838.61  	6.7347  	23.649  	7.1159  	1.0455  	78.143  		135  		0.3066  	4.415  	44.1207  	20.4527  	0.63245  	9.873  			52.951  	4.4209  	3.64  		3.75  	1.3907  	16.05755  	10.0676  	0.99275  	34.812  	6.7614  		1.21995  	1  	40.097  	
	14-Jun-2022	146.3493  	0.6966  	0.0816  		1.3927  		863.33  	6.7316  	23.689  		1.0452  	78.0015  		134.12  		0.3067  	4.424  	44.1419  	20.6583  						4.4478  	3.64  	57.0926  	3.75  	1.3927  	16.0585  	10.1332  	0.99415  	34.951  		3.6725  	1.2086  	1  		
	15-Jun-2022	146.0823  	0.6906  	0.0817  		1.3919  		866.79  	6.7201  	23.689  	7.1318  	1.0431  	78.0755  	3.454  	134.99  		0.30685  	4.4193  	44.1689  	20.6675  	0.62375  	9.9576  	0.3845  	3.719  	53.273  	4.4455  	3.64  	56.6624  	3.75  	1.3919  	16.01095  	10.136  	0.99855  	35.079  		3.6725  	1.2091  	1  	40.084  	
	16-Jun-2022	146.5735  	0.6999  			1.3878  		863.95  	6.7135  			1.04  	78.0864  		134.26  		0.3067  	4.3993  	44.2361  	20.5728  		10.0565  	0.3845  		53.37  		3.64  		3.75  	1.3878  		10.2683  		34.963  		3.6725  	1.20865  	1  		
	17-Jun-2022	145.8095  	0.7012  	0.0818  		1.3859  		869.62  	6.7013  	23.599  		1.0486  	78.0875  	3.46  	133.2  			4.402  	44.379  		0.6344  					4.463  				1.3859  	15.93885  	10.1651  	0.96435  	35.228  			1.23  	1  		
	21-Jun-2022	145.653  	0.696  	0.0816  	5.1456  	1.3855  	1.2929  		6.6967  	23.396  	7.0515  	1.055  	78.0861  	3.454  	135.19  			4.399  	44.462  	20.1963  	0.63395  	9.7899  	0.3845  	3.717  	54.005  	4.3917  	3.64  	54.7081  	3.75  	1.3855  	15.9244  	10.0772  	0.9666  	35.385  	6.7669  	3.6725  	1.2284  	1  	39.814  	
	22-Jun-2022	145.9598  	0.6917  	0.0816  	5.1503  	1.3878  	1.2942  	880.82  	6.7207  	23.484  	7.0703  	1.0521  	78.2115  	3.464  	136.47  		0.30655  	4.402  	44.6162  	20.0465  	0.6295  	9.9843  	0.3845  	3.724  	54.207  	4.4338  	3.64  	53.2788  	3.75  	1.3878  	15.96815  	10.1635  	0.9652  	35.474  	6.767  	3.6725  	1.2249  	1  	39.84  	
	23-Jun-2022	145.8909  	0.6898  	0.0818  	5.1827  	1.3884  	1.2982  	886.64  	6.7081  	23.589  	7.0893  	1.0493  	78.2662  	3.447  	135.2  	1295.7  	0.3063  	4.406  	44.7049  	20.0365  	0.626  	9.9828  	0.3845  	3.747  	54.484  	4.4881  	3.64  	53.3578  	3.75  	1.3884  	16.01665  	10.1694  	0.96565  	35.431  	6.7708  	3.6725  	1.2213  	1  	39.722  	
	24-Jun-2022	145.8158  	0.6908  	0.0818  	5.2328  	1.3887  	1.2933  	898.8  	6.6958  	23.501  	7.0694  	1.0524  	78.3308  	3.442  	135.19  	1300.7  		4.406  	44.7537  	19.8707  		9.915  		3.774  	54.491  	4.4656  		53.3234  		1.3887  	15.9189  		0.95715  	35.54  	6.7803  		1.23055  	1  	39.716  	
	27-Jun-2022	145.4714  	0.693  	0.0821  	5.2208  	1.3858  	1.2887  		6.6862  	23.392  	7.0382  	1.0572  	78.289  	3.397  	134.6  	1299.4  	0.3063  	4.406  	44.8695  	19.8797  	0.63085  	9.8449  	0.3845  	3.783  	54.839  	4.4369  	3.64  	53.3641  	3.75  	1.3858  	15.90325  	10.0702  	0.9583  	35.416  	6.7663  	3.6725  	1.22745  	1  	39.478  	
	28-Jun-2022	145.4963  	0.6928  	0.0821  	5.2173  	1.3855  	1.2864  	911.49  	6.6867  	23.416  	7.0442  	1.0561  	78.6966  	3.436  	135.45  	1285.6  	0.3063  		44.9147  	19.9847  	0.62965  	9.7879  	0.3845  	3.77  	54.982  	4.4377  	3.64  	52.9699  	3.75  	1.3855  	15.99465  	10.0509  	0.956  	35.259  	6.7561  	3.6725  	1.2241  	1  	39.074  	
	29-Jun-2022	145.8972  	0.6898  	0.0814  	5.2262  	1.3876  	1.2878  	905.32  	6.7024  	23.522  	7.0735  	1.0517  	78.9376  	3.45  	136.11  	1284.9  	0.30645  		44.9882  	20.1443  	0.62515  	9.7998  	0.3845  		54.757  	4.4533  	3.64  	51.158  	3.75  	1.3876  	16.086  	10.1752  	0.951  	35.074  	6.7603  	3.6725  	1.21575  	1  	39.468  	
	30-Jun-2022	146.2729  	0.6889  	0.0809  	5.2374  	1.3918  	1.2886  	919.97  	6.6948  	23.821  	7.162  	1.0387  	78.9421  	3.5  	136.63  	1292.9  	0.3067  		45.296  	20.1335  	0.62135  	9.9629  	0.3845  	3.82  	55.021  	4.4825  	3.64  	52.5123  	3.75  	1.3918  	16.3623  	10.2194  	0.9593  	35.287  	6.7531  	3.6725  	1.2109  	1  	39.863  	
	01-Jul-2022	146.1505  	0.683  		5.3136  	1.3929  		932.08  	6.7042  	23.747  	7.1358  	1.0425  	79.094  	3.526  	135.98  	1299.8  		4.409  	45.4389  	20.3817  	0.62305  	9.9425  		3.843  	54.97  	4.5106  		53.7676  		1.3929  	16.416  	10.2905  	0.96035  	35.537  	6.7569  		1.2056  	1  	39.955  	
	05-Jul-2022		0.6873  	0.0808  	5.3893  	1.3964  	1.3038  	927.53  	6.6977  		7.2299  	1.029  	79.079  	3.519  	136.13  	1297.9  	0.3068  	4.417  	45.5902  	20.5598  	0.62245  	9.9951  	0.3845  	3.856  	55.09  	4.5947  	3.64  	58.5118  		1.3964  	16.4244  	10.3851  	0.9649  	35.704  	6.7554  	3.6725  	1.2023  	1  	40.178  	
	06-Jul-2022	146.8157  	0.6784  	0.0798  	5.4315  	1.404  	1.3047  	948.51  	6.707  		7.3109  	1.0177  	79.332  	3.513  	135.68  	1298  	0.30715  	4.425  	45.5416  	20.7228  	0.6175  	10.1015  	0.3845  	3.878  	55.084  	4.6796  	3.64  	62.911  		1.404  	16.7318  	10.4908  	0.9717  	36.017  	6.748  	3.6725  	1.19185  	1  	40.228  	
	07-Jul-2022	147.1724  	0.6822  	0.0794  	5.3634  	1.4015  	1.2986  	972.66  	6.7099  	24.344  	7.3089  	1.018  	79.0235  	3.491  	135.7  	1307.4  	0.3073  	4.426  	45.6079  	20.6022  	0.61605  	10.109  	0.3845  	3.881  	55.574  	4.7029  	3.64  	63.1427  		1.4015  	16.72255  	10.5345  	0.97295  	36.19  	6.7669  	3.6725  	1.199  	1  	40.265  	
	08-Jul-2022	146.9144  	0.6824  	0.0794  	5.308  			959.7  	6.7049  	24.224  	7.323  	1.0163  	79.2499  	3.48  	136.02  	1302.7  		4.4255  	45.6478  	20.4423  	0.6184  	10.0984  		3.897  	55.909  	4.7417  		61.2664  		1.4017  	16.92685  	10.5879  	0.9767  	35.987  	6.7677  		1.19875  	1  	40.298  	
	11-Jul-2022	146.7904  	0.6813  	0.0789  	5.3471  		1.3  	966.74  	6.7093  	24.351  	7.3692  	1.0098  	79.4098  	3.474  	136.45  	1299.3  			45.5082  	20.7473  	0.61685  	10.199  		3.928  	55.971  	4.7416  		61.3045  				10.5945  	0.98035  	36.012  	6.7613  		1.1958  	1  	40.546  	
	12-Jul-2022	147.1624  	0.672  	0.0783  	5.4114  	1.4068  	1.3015  	989.95  	6.7355  	24.476  	7.4097  	1.0042  	79.6401  	3.484  	137.15  	1300.6  		4.4365  	45.168  	20.7882  	0.61185  	10.2324  		3.965  		4.8284  		58.8541  		1.4068  	17.0895  	10.6538  	0.98525  	36.304  	6.7178  	3.6725  	1.18455  	1  	41.006  	
	13-Jul-2022	146.9768  	0.6771  	0.0786  	5.3987  	1.4062  	1.2976  	1008.81  	6.72  	24.244  	7.3921  	1.0067  	79.6592  		137.12  	1312.9  		4.4315  		20.7613  	0.6133  	10.1746  	0.3845  		56.318  	4.8221  	3.64  	58.5322  		1.4062  		10.6076  	0.97745  		6.7588  	3.6725  	1.1915  	1  	41.074  	
	14-Jul-2022	147.0635  	0.6757  	0.0785  	5.4562  	1.3956  	1.3138  	1010.16  	6.7383  	24.399  	7.4388  	1.0005  	79.871  	3.472  	138  	1305.9  	0.3078  	4.4415  	44.9104  	20.9415  	0.61135  	10.2485  	0.3845  	3.951  	56.339  	4.8274  	3.64  	58.2568  		1.3956  	16.9311  	10.5904  	0.98405  	36.363  	6.7533  	3.6725  	1.1826  	1  	41.951  	
	15-Jul-2022								6.7651  			1.0059  			138.9  																		0.9796  				1.18395  	1  		
	18-Jul-2022	146.1439  	0.6802  		5.3669  	1.3974  	1.2948  	988.22  	6.7425  	24.193  	7.3473  	1.0131  	79.8958  	3.455  		1323.7  	0.3077  	4.4493  	45.1107  	20.3957  	0.6196  	10.1227  	0.3845  	3.884  	56.369  	4.7152  	3.64  	56.5616  	3.75  	1.3974  	17.1675  	10.4066  	0.9762  	36.602  	6.7507  	3.6725  	1.1984  	1  		
	19-Jul-2022	145.5507  	0.6851  		5.3898  	1.3971  	1.2904  	940.9  	6.7438  	23.97  	7.2669  	1.0245  	79.9478  	3.435  	138.22  	1317.8  	0.3075  	4.457  	45.1156  	20.4407  	0.6149  	9.9327  	0.3845  	3.866  	56.341  	4.6594  	3.64  	55.437  	3.75  	1.3971  	17.03435  	10.3086  	0.96775  	36.657  	6.7623  	3.6725  	1.2025  	1  	41.993  	
	20-Jul-2022	145.6125  	0.6912  	0.0785  	5.4282  	1.3913  	1.2884  	929.83  	6.7531  	24.012  	7.2999  	1.0199  	79.9738  	3.447  	138.15  	1314.9  	0.30715  	4.449  	45.1335  	20.4913  	0.62395  	9.9346  	0.3845  	3.878  	56.335  	4.6524  	3.64  	54.8491  	3.75  	1.3913  	17.0676  	10.2008  	0.9703  	36.656  	6.7672  	3.6725  	1.19815  	1  	41.844  	
	21-Jul-2022	145.9337  	0.691  	0.0784  	5.4744  	1.3924  	1.2895  	919.93  	6.7643  	23.963  	7.2993  	1.0199  	79.9763  	3.455  	138.45  	1308.6  	0.30725  	4.4565  	45.0128  	20.6562  	0.62225  	9.9765  	0.3845  		56.277  	4.6682  	3.64  	56.4783  	3.75  	1.3924  	17.174  	10.2197  	0.97265  	36.784  	6.7758  	3.6725  	1.1962  	1  		
	22-Jul-2022	146.0574  	0.6906  	0.0786  	5.4516  	1.3912  	1.2876  	927.49  	6.7689  	24.065  	7.3055  	1.019  	79.9101  	3.441  	137.32  	1312.1  		4.453  	44.9547  	20.515  	0.62385  	9.9605  		3.91  	56.345  	4.692  		57.3917  		1.3912  	16.8846  	10.2514  	0.9655  	36.84  	6.7765  		1.1954  	1  		
	25-Jul-2022	145.7979  	0.6909  	0.079  	5.4138  	1.388  	1.2852  	932.83  	6.7546  	23.962  	7.2733  	1.0236  	79.8488  	3.44  	136.6  	1311.7  	0.30705  	4.4555  	45.0147  	20.4652  	0.6231  	9.8382  	0.3845  	3.91  	56.327  	4.6171  	3.64  	57.7821  	3.75  	1.388  	16.76435  	10.2083  	0.96355  	36.714  	6.7541  	3.6725  	1.2051  	1  	41.676  	
	26-Jul-2022	145.6248  	0.6961  	0.0793  	5.3602  	1.3861  	1.2883  	941.03  	6.7572  	24.313  	7.3537  	1.0124  	79.7948  	3.445  	136.45  	1311  	0.30705  	4.457  	45.0467  	20.433  	0.62725  	9.8879  	0.3845  	3.911  	56.184  	4.6222  	3.64  	58.6605  	3.75  	1.3861  	16.8597  	10.1991  	0.9647  	36.668  	6.758  	3.6725  	1.1999  	1  	41.669  	
	27-Jul-2022	146.1006  	0.694  	0.0788  	5.3068  	1.3891  	1.2872  	922.04  	6.7594  	24.212  	7.3331  	1.0152  	79.8967  	3.427  	136.99  	1310  	0.30725  	4.46  	45.1053  	20.512  	0.62385  	9.8067  	0.3845  	3.916  	55.647  	4.7142  	3.64  	60.2198  	3.75  	1.3891  	16.86975  	10.2932  	0.9614  	36.822  	6.7469  	3.6725  	1.20605  	1  	41.514  	
	28-Jul-2022	145.6867  	0.6996  	0.0795  	5.2143  	1.3819  	1.2835  	920.49  	6.743  	24.296  	7.3545  	1.0122  	79.7434  	3.433  	135.3  	1312.8  	0.3069  	4.455  	45.1292  	20.3778  	0.6266  	9.779  	0.3845  		55.635  	4.6952  	3.64  	60.2031  	3.75  	1.3819  	16.7847  	10.2207  	0.9615  		6.745  	3.6725  	1.212  	1  	41.008  	
	29-Jul-2022	145.458  	0.7007  	0.0801  	5.1878  		1.2824  	911.42  	6.7286  	24.135  	7.2993  	1.0198  	79.4203  	3.391  	133  	1304  		4.4485  	45.139  	20.3485  	0.6295  		0.3845  			4.6365  		61.3101  		1.3785  	16.5236  	10.1362  	0.9516  		6.7483  		1.2182  	1  	40.934  	
	01-Aug-2022	145.4334  		0.0796  	5.16  	1.3803  		905.1  	6.7522  	24.072  	7.2762  	1.0233  	79.169  	3.382  	132.5  	1298.6  	0.3066  	4.4515  	45.2559  	20.2633  	0.62925  	9.6392  	0.3845  	3.885  	55.322  	4.629  	3.64  	62.0506  	3.75  	1.3803  	16.5011  	10.1659  		36.207  		3.6725  	1.2244  	1  	40.663  	
	02-Aug-2022	145.4148  	0.6956  	0.08  	5.2323  	1.3769  	1.2856  	893.19  	6.7607  	24.112  	7.2801  	1.0224  	78.6082  	3.367  	130.85  	1306.4  	0.3063  	4.4565  	45.0871  	20.5152  	0.6328  	9.7129  	0.3845  	3.914  	55.396  	4.5984  	3.64  	60.1595  	3.75  	1.3769  	16.59285  	10.1743  	0.95285  	36.087  	6.7269  	3.6725  	1.22035  	1  	41.013  	
	03-Aug-2022	145.7423  	0.6934  	0.0794  	5.284  	1.381  	1.2853  	897.22  	6.7535  	24.192  	7.3011  	1.0194  	78.8427  	3.366  	133.75  	1307.2  	0.3066  	4.457  	45.1102  	20.6305  	0.62345  	9.6864  	0.3845  	3.914  	55.393  	4.6164  	3.64  	60.2374  	3.75  	1.381  	16.7902  	10.2208  	0.9586  	36.197  	6.7554  	3.6725  	1.2182  	1  	40.906  	
	04-Aug-2022	144.8254  	0.6961  	0.0791  	5.2403  	1.3809  	1.2854  	907.82  	6.7547  	24.226  	7.3102  	1.0181  	79.5427  	3.35  	133.62  	1310.5  	0.30675  	4.4543  	45.28  	20.3358  	0.6283  	9.7304  	0.3845  	3.885  	55.674  	4.634  	3.64  	60.258  	3.75  	1.3809  	16.7444  	10.1997  	0.95945  	36.151  	6.7587  	3.6725  	1.21725  	1  	40.654  	
	05-Aug-2022	144.1666  	0.6968  	0.0796  	5.2159  	1.3758  	1.2934  	903.91  	6.7471  	24.025  	7.2721  	1.0233  	79.1158  	3.335  	133.01  	1309.7  		4.4545  	45.3837  	20.401  	0.6294  	9.7547  		3.896  	55.712  	4.6024  		60.3696  		1.3758  	16.64875  	10.1279  	0.95535  	35.654  	6.7644  		1.2141  	1  	40.612  	
	08-Aug-2022		0.6937  	0.0791  	5.1241  	1.3819  	1.2857  	914.49  	6.7576  	24.039  	7.2953  	1.0199  	79.5785  	3.327  	135.4  	1299.3  	0.30685  	4.461  	45.3969  	20.2789  	0.62485  	9.7465  	0.3845  	3.911  	55.294  	4.6127  	3.64  	60.3164  	3.75  	1.3819  	16.6336  	10.1655  	0.9575  	35.783  	6.7662  	3.6725  	1.2106  	1  	40.178  	
	09-Aug-2022	143.6168  	0.6975  	0.0794  	5.1218  		1.288  	906.03  	6.7554  	23.969  	7.2706  	1.0234  		3.307  	134.86  	1304.8  	0.30685  	4.4558  	45.2315  	20.2715  	0.6276  	9.7093  	0.3845  	3.927  	55.594  	4.5919  	3.64  	60.3814  	3.75  			10.1517  	0.9532  	35.481  		3.6725  	1.21075  	1  	40.013  	
	10-Aug-2022	143.468  	0.6956  	0.0795  	5.0491  	1.3783  	1.2789  	900.78  	6.7577  	23.798  	7.2568  	1.0252  	79.5033  	3.291  	135.2  	1305.1  	0.30675  	4.457  	45.0364  	19.9562  	0.6288  	9.6682  	0.3845  	3.893  	55.542  	4.6112  	3.64  	60.4542  	3.75  	1.3783  	16.46515  	10.173  	0.9489  	35.419  	6.7502  	3.6725  	1.2097  	1  	40.087  	
	11-Aug-2022	142.9225  	0.7075  	0.0806  	5.1121  	1.3716  	1.2753  	889.38  	6.7383  	23.548  	7.1963  	1.0338  	79.4881  	3.259  		1309.1  	0.3064  	4.447  	44.802  	19.9595  	0.63955  	9.4835  	0.3845  	3.882  	55.752  	4.5206  	3.64  	60.6229  	3.75  	1.3716  	16.18575  	10.0318  	0.9415  	35.308  	6.7613  	3.6725  	1.22055  	1  	40.19  	
	12-Aug-2022	142.9109  	0.7122  	0.0805  	5.1017  	1.3695  	1.2783  	882.33  	6.7347  	23.706  	7.2333  	1.0285  	79.7011  	3.241  	133.35  	1302.5  		4.4405  	44.782  	19.874  	0.64295  	9.5411  		3.859  	55.474  	4.5459  		60.8993  		1.3695  	16.26875  	10.0943  	0.943  		6.7551  		1.2128  	1  	40.126  	
	15-Aug-2022	142.1134  	0.7083  	0.0803  	5.0919  	1.3724  	1.2908  		6.7677  	23.992  	7.295  	1.0195  		3.265  	133  		0.3065  	4.4525  		19.8618  	0.6445  	9.6822  	0.3845  	3.849  	55.532  		3.64  	61.3747  	3.75  	1.3724  	16.26875  	10.2472  	0.9453  	35.447  	6.7424  	3.6725  	1.20905  	1  	40.09  	
	16-Aug-2022	142.2473  	0.7038  	0.0798  	5.1334  	1.3781  	1.2867  	882.72  	6.7898  	24.224  	7.3406  	1.0131  		3.273  	133.17  	1303.1  	0.30675  	4.4638  	45.0378  	19.9303  	0.63585  	9.7155  	0.3845  	3.858  	55.843  	4.6282  	3.64  	61.4247  	3.75  	1.3781  	16.44835  	10.386  	0.95065  	35.412  	6.726  	3.6725  	1.2022  	1  	40.139  	
	17-Aug-2022	141.9764  	0.7024  	0.0798  	5.1779  	1.3795  	1.2912  	882.2  	6.777  	24.167  	7.3177  	1.0164  	79.4335  	3.259  	134.31  	1309.6  	0.30675  	4.4655  	45.1275  	20.0387  	0.6352  	9.684  	0.3845  	3.838  	55.966  	4.6119  	3.64  	60.7552  	3.75  	1.3795  	16.6318  	10.3712  	0.9517  	35.414  	6.736  	3.6725  	1.2102  	1  	40.373  	
	18-Aug-2022	141.3607  	0.6927  	0.0791  	5.1767  	1.3836  	1.2928  	895.76  	6.7932  	24.18  	7.3088  	1.0178  	79.6667  	3.243  	134.88  	1309.8  	0.3069  	4.472  	45.2999  	20.0835  	0.6273  	9.6564  	0.3845  	3.838  	55.826  	4.6468  	3.64  	59.957  	3.75  	1.3836  	16.69665  	10.4333  	0.95325  	35.59  	6.7404  	3.6725  	1.2054  	1  	40.51  	
	19-Aug-2022	141.1624  	0.6914  	0.0785  	5.1955  	1.3869  	1.2991  	918.2  	6.8119  	24.495  	7.3974  	1.0054  	79.7528  	3.256  	136.28  	1317.3  		4.4778  	45.622  	20.1957  	0.62315  	9.7889  		3.85  	55.856  	4.7061  		59.1321  		1.3869  	17.00635  	10.5231  	0.9566  	35.724  	6.7511  		1.18445  	1  	40.489  	
	22-Aug-2022	141.0594  	0.6892  	0.0782  	5.1703  	1.3927  	1.3035  	945.35  	6.8362  	24.649  	7.4363  	1.0001  	79.8703  	3.282  	137.2  	1326.7  	0.3074  	4.482  	45.5639  	20.1598  	0.6184  	9.7709  	0.3845  	3.869  	55.979  	4.7427  	3.64  	59.7419  	3.75  	1.3927  	17.0733  	10.6251  	0.9587  	35.938  	6.7687  	3.6725  	1.1804  	1  	40.431  	
	23-Aug-2022	141.218  	0.6877  	0.0779  	5.1024  	1.3971  	1.2972  	945.47  	6.8594  	24.831  	7.4921  	0.9927  	79.8903  	3.281  	137.28  	1338.2  	0.30775  	4.4875  	45.8058  	19.9982  	0.619  	9.8155  	0.3845  	3.856  	56.107  	4.803  	3.64  	59.8963  	3.75  	1.3971  	17.0651  	10.718  	0.9667  	36.226  	6.756  	3.6725  	1.1764  	1  	40.369  	
	24-Aug-2022	140.9474  	0.6905  	0.0779  	5.1044  	1.3955  	1.2983  	926.94  	6.8634  	24.786  	7.4875  	0.9934  	79.7927  	3.278  	136.9  	1341.8  	0.30765  	4.4875  	45.0664  	19.9198  	0.6188  	9.7  	0.3845  	3.861  		4.8029  	3.64  	59.9974  	3.75  	1.3955  	16.99695  	10.6617  	0.964  	36.162  	6.7701  	3.6725  	1.1776  	1  	40.401  	
	25-Aug-2022	140.6518  	0.6955  	0.0785  	5.1167  	1.3916  	1.2937  	915.6  	6.8516  	24.725  	7.4598  	0.997  	79.8705  	3.287  	136.94  	1341.4  	0.30765  	4.4785  	44.5236  	19.9437  	0.6205  	9.669  	0.3845  	3.849  	56.201  	4.7546  	3.64  	59.7699  	3.75  	1.3916  	16.8312  	10.5645  	0.9638  	35.894  	6.7554  	3.6725  	1.1826  	1  		
	26-Aug-2022	140.4196  	0.6957  	0.0785  	5.0897  	1.3904  	1.2989  	910.03  	6.8613  	24.615  	7.4327  	1.0007  	79.9097  	3.259  	136.72  	1336.9  		4.4743  	44.3623  	19.9268  	0.62  	9.6602  		3.836  	56.008  	4.7465  		60.0924  		1.3904  	16.80035  	10.6006  	0.9628  	35.9  	6.7171  		1.1835  	1  	40.421  	
	29-Aug-2022	140.2476  	0.6858  	0.078  	5.0423  	1.399  	1.3009  	900.22  	6.9197  	24.626  	7.4483  	0.9986  	80.0906  	3.319  	139  	1332.5  	0.30805  	4.488  	44.5096  	19.9945  	0.6113  	9.7812  	0.3845  	3.829  		4.7821  	3.64  	60.3636  	3.75  	1.399  	16.8989  	10.696  	0.9682  	36.418  	6.7323  	3.6725  		1  	40.688  	
	30-Aug-2022	140.166  	0.6905  	0.0783  	5.0611  	1.3968  	1.3076  	890.9  	6.9135  	24.498  	7.4124  	1.0034  	79.7194  	3.305  	138.5  	1347.7  	0.3078  	4.4845  	44.6454  	20.1465  	0.61435  	9.7222  	0.3845  		56.038  	4.721  	3.64  	60.3677  	3.75  	1.3968  	16.8287  	10.6673  	0.97125  	36.431  	6.7205  	3.6725  	1.1718  	1  	40.775  	
	31-Aug-2022	140.3751  	0.6902  	0.0782  	5.1784  	1.395  	1.3111  	882.11  	6.8934  	24.528  	7.4371  	1  		3.341  	138.61  	1347.5  	0.3078  		44.8216  	20.0962  	0.61315  	9.9388  	0.3845  	3.839  	56.243  	4.736  	3.64  	60.2386  	3.75  	1.395  	17.0454  	10.6686  	0.9801  	36.497  		3.6725  	1.1616  	1  	40.96  	
	01-Sep-2022	140.1806  	0.6834  	0.0775  	5.2001  	1.4011  	1.3166  	898.04  	6.9033  	24.48  	7.4342  	1.0004  	79.397  	3.364  	139.5  	1345.1  	0.30795  	4.4825  		20.2473  	0.6096  	10.009  	0.3845  	3.859  	56.171  	4.6959  	3.64  	60.237  	3.75  	1.4011  	17.12845  	10.6926  	0.979  	36.704  	6.7349  	3.6725  	1.1559  	1  	40.794  	
	02-Sep-2022	140.3203  	0.679  	0.0772  	5.1872  	1.4018  	1.3121  	898.24  	6.9019  	24.512  	7.4422  	0.9993  	79.7888  	3.375  	140.05  	1351.4  		4.484  	44.694  	19.9753  	0.6069  	10.0105  		3.866  		4.7276  		60.3713  		1.4018  	17.29685  	10.7463  	0.9824  	36.804  	6.7187  		1.1567  	1  	40.883  	
	06-Sep-2022	140.2644  	0.68  	0.0775  	5.2222  	1.4034  	1.3139  	866.28  	6.9433  	24.731  	7.4904  	0.9928  	79.8893  	3.416  	141  	1369.7  	0.30825  	4.4915  	44.5995  	20.138  	0.6124  	9.9663  	0.3845  	3.892  	56.941  	4.7367  	3.64  	60.8544  	3.75  	1.4034  	17.2153  	10.737  	0.9813  	36.46  	6.7415  	3.6725  	1.15745  	1  	40.781  	
	07-Sep-2022	140.3173  	0.6711  	0.0769  		1.4103  	1.3164  	888.51  	6.967  	24.917  	7.523  	0.9885  	79.922  	3.434  	144.12  	1370.3  	0.3088  	4.5035  	44.6294  	20.0297  	0.6015  	10.064  	0.3845  	3.891  	56.95  	4.7584  	3.64  	61.1814  	3.75  	1.4103  	17.4524  	10.806  	0.9851  	36.753  	6.762  	3.6725  	1.1446  	1  	40.926  	
	08-Sep-2022	140.2555  	0.6741  	0.0772  	5.2149  	1.4057  	1.3116  	886.34  	6.9631  	24.52  	7.4298  	1.0009  	79.6712  	3.425  	144.4  	1385.3  	0.30855  	4.5  	44.4571  	20.0203  	0.6048  	10.0525  	0.3845  	3.872  	57.216  	4.7268  	3.64  	60.801  	3.75  	1.4057  	17.36425  	10.719  	0.973  	36.447  	6.7598  	3.6725  	1.1544  	1  	40.782  	
	09-Sep-2022	140.204  	0.6828  	0.077  	5.1627  	1.3992  	1.3035  	881.04  	6.9201  	24.42  	7.4002  	1.0049  	79.6358  	3.417  	143.76  			4.4965  	44.3697  	19.9027  	0.6084  	9.9349  		3.876  	57.14  	4.6599  		60.4696  		1.3992  		10.5755  	0.95925  	36.305  	6.7566  		1.1614  	1  	40.703  	
	12-Sep-2022	140.2156  	0.6843  	0.0773  	5.1177  	1.399  	1.298  	885.15  		24.18  	7.323  	1.0155  	79.6776  	3.392  	142.8  		0.3082  	4.504  	44.4579  	19.7957  	0.6117  	9.8196  	0.3845  	3.852  	56.918  	4.6225  	3.64  	60.4568  	3.75  	1.399  	17.05365  	10.4682  	0.9536  	36.434  	6.7494  	3.6725  	1.1683  	1  	40.659  	
	13-Sep-2022	140.4114  	0.6874  	0.0778  	5.1788  	1.3963  	1.311  	898.69  	6.9239  	24.125  	7.3087  	1.0175  	79.064  	3.354  	142.58  	1381.2  	0.3079  	4.5075  	44.6402  	20.055  	0.61405  	9.8268  	0.3845  	3.858  	56.935  	4.6363  	3.64  	60.0676  	3.75  	1.3963  	17.01485  	10.4609  	0.9486  	36.292  	6.7505  	3.6725  	1.173  	1  	40.765  	
	14-Sep-2022	140.5816  	0.6724  	0.0767  	5.1768  	1.406  	1.3166  	910.27  	6.9649  	24.542  	7.444  	0.999  	79.5837  	3.436  	144.45  	1374.8  	0.30855  	4.526  	44.7667  	19.9768  	0.6003  	10.1226  	0.3845  	3.87  	56.857  	4.7233  	3.64  	59.7751  	3.75  	1.406  	17.4398  	10.6733  	0.9606  	36.685  	6.7566  	3.6725  	1.15635  	1  	40.67  	
	15-Sep-2022	140.5501  	0.6748  	0.0766  	5.2205  	1.4061  	1.32  	917.11  	6.9719  	24.542  	7.4426  	0.9992  	79.583  	3.442  	143.25  	1391.7  	0.30855  	4.5325  	44.8764  	20.0525  	0.6018  	10.1284  	0.3845  	3.883  	57.16  	4.7202  	3.64  	59.6663  	3.75  	1.4061  	17.54785  	10.7169  	0.9561  	36.714  	6.7515  	3.6725  	1.1506  	1  	40.774  	
	16-Sep-2022	140.368  	0.6702  	0.0764  	5.2876  	1.4088  			7.0195  	24.606  	7.471  	0.9954  	79.818  	3.444  	143.02  	1394.2  			44.8217  		0.59595  	10.2456  		3.875  	57.073  	4.7384  		60.0316  		1.4088  	17.54785  	10.7502  	0.9615  	37.011  			1.1407  	1  	40.982  	
	19-Sep-2022		0.6694  	0.0762  	5.2361  	1.4073  	1.3288  		7.0184  	24.52  	7.4447  	0.999  	79.6657  	3.449  		1394.2  	0.3086  	4.5455  	44.9653  	19.9943  	0.598  	10.2929  	0.3845  	3.862  	57.363  	4.7255  	3.64  	60.1662  	3.75  	1.4073  	17.67495  	10.8168  	0.9657  	36.937  	6.7633  	3.6725  		1  	40.983  	
	20-Sep-2022		0.672  	0.0763  	5.1699  	1.4066  	1.3345  	922.6  	7.0089  	24.594  	7.4472  	0.9986  	79.6778  	3.439  	143.23  	1390.1  	0.3085  	4.554  	44.8868  	20  	0.594  	10.2874  	0.3845  	3.877  	57.363  	4.7118  	3.64  	60.0158  	3.75  	1.4066  		10.7452  	0.9655  	36.928  	6.7749  	3.6725  	1.14395  	1  	40.941  	
	21-Sep-2022	140.6738  	0.6667  	0.076  	5.1686  	1.4116  	1.3397  	928.25  	7.0526  	24.87  	7.507  	0.9906  	79.9226  	3.464  	143.7  	1389.1  	0.3088  	4.566  	44.6419  	20.0027  	0.5895  	10.3834  	0.3845  	3.894  	57.42  	4.7919  	3.64  	60.8685  	3.75  	1.4116  	17.6537  	10.9761  	0.96395  	37.145  	6.7781  	3.6725  	1.1342  	1  	40.838  	
	22-Sep-2022	140.4358  		0.0757  	5.1671  	1.4207  	1.348  	938.82  	7.0924  	24.944  	7.5238  	0.9884  	80.7246  	3.474  	144.45  	1393.6  	0.30955  	4.5695  	44.4007  	19.9608  	0.58245  	10.3551  	0.3845  	3.903  	57.89  	4.8343  	3.64  	59.8318  	3.75  	1.4207  	17.5542  	11.075  	0.9809  	37.358  	6.7766  	3.6725  	1.1295  	1  	40.626  	
	23-Sep-2022	140.532  	0.6624  	0.076  	5.2251  	1.4202  	1.357  	943.07  	7.107  	25.274  	7.6241  	0.9754  	80.9165  	3.489  		1408  		4.57  	44.3123  	20.1627  	0.58455  	10.4916  		3.906  	58.406  	4.8796  		58.1006  		1.4202  	17.82595  	11.1398  	0.9827  	37.335  	6.7779  		1.1031  	1  	40.865  	
	26-Sep-2022	140.6064  	0.6497  	0.076  	5.3542  	1.4356  	1.3716  	965.18  	7.153  	25.534  	7.7094  	0.9646  	81.575  		144  	1408.4  	0.31055  	4.598  	44.4636  	20.3517  		10.7386  	0.3845  	3.928  		4.9113  	3.64  	57.999  	3.75  	1.4356  	18.07735  	11.2909  	0.9903  	37.783  	6.787  	3.6725  	1.07245  	1  	41.176  	
	27-Sep-2022	141.8732  	0.6501  	0.075  	5.3502  	1.4354  	1.3726  	987.07  	7.1521  	25.565  	7.7111  	0.9644  	81.372  		144.45  	1429.7  	0.31055  	4.6115  	44.567  	20.357  	0.56875  	10.7293  	0.3845  	3.943  	58.349  	4.9476  	3.64  	58.1756  	3.75  	1.4354  	17.8895  	11.2394  	0.98705  	37.923  	6.7717  	3.6725  	1.08025  	1  	41.251  	
	28-Sep-2022	142.4269  	0.6386  	0.0745  	5.3588  	1.4471  	1.366  	982.83  	7.2393  		7.775  	0.9565  	81.9005  	3.536  	144.66  	1427.2  	0.3108  	4.619  	44.7441  	20.3058  	0.5623  	10.9332  		3.947  	58.904  	5.0381  	3.64  	58.4485  	3.75  	1.4471  		11.4328  	0.98945  	38.162  	6.7614  	3.6725  	1.0654  	1  	41.333  	
	29-Sep-2022	140.6655  	0.6466  	0.0748  	5.391  	1.4387  	1.3707  	971.14  	7.206  	25.44  	7.6618  	0.9706  	81.8633  	3.536  	144.35  	1436.5  		4.646  	44.7824  	20.1927  	0.57025  	10.7684  	0.3845  	3.965  	58.99  	5.0328  	3.64  		3.75  	1.4387  		11.3539  	0.9791  	38.121  	6.7488  		1.08325  	1  	41.59  	
	30-Sep-2022	140.7248  	0.6502  		5.406  	1.434  		966  	7.0958  	25.181  	7.6287  	0.9748  	81.5522  	3.543  	144.74  	1434.8  		4.641  	44.8616  	20.0925  	0.5733  	10.8574  	0.3845  	3.978  	58.91  	4.9533  		55.2987  		1.434  	17.9842  	11.1227  	0.9795  	37.915  	6.733  		1.1066  	1  	41.736  	
	03-Oct-2022	140.486  		0.0751  	5.1996  	1.4359  	1.3662  	960.24  		25.12  	7.6163  	0.9764  	81.7417  	3.583  	144.85  		0.30985  	4.6495  	44.8966  	20.0008  	0.5625  	10.8209  	0.3845  	3.963  	58.646  	4.9207  	3.64  	57.5664  	3.75  	1.4359  	18.00235  	11.0869  	0.98995  	38.012  			1.11995  	1  	41.212  	
	04-Oct-2022	140.1207  	0.6474  	0.0758  	5.1405  	1.4293  	1.3574  	955.42  		24.818  	7.5194  	0.9891  	81.4267  		144.7  	1432.1  	0.3097  	4.645  	44.8747  	19.9698  	0.5714  	10.6071  	0.3845  	3.948  	58.877  	4.8615  	3.64  	58.7913  	3.75  	1.4293  	17.7456  	10.9065  	0.98765  	37.73  	6.7224  		1.1348  	1  	40.957  	
	05-Oct-2022	140.1858  	0.6489  	0.0762  	5.2138  	1.424  	1.3641  	931.12  		24.754  	7.5026  	0.9915  			143.93  	1431.2  	0.3092  	4.638  	44.9768  	20.1267  	0.5748  	10.5757  	0.3845  	3.96  	58.856  	4.838  	3.64  	59.4043  	3.75  	1.424  	17.7862  	10.886  	0.9829  	37.402  	6.762  	3.6725  	1.1368  	1  	40.981  	
	06-Oct-2022	140.2715  	0.6535  	0.0758  	5.2002  	1.422  		942.02  		24.828  	7.5446  	0.986  	81.7044  	3.538  	144.58  	1419.1  	0.3094  	4.6305  	45.137  	20.1087  	0.57735  	10.5759  	0.3845  		58.624  	4.8989  	3.64  	60.2534  	3.75  	1.422  	17.82145  	10.9475  	0.98395  	37.25  		3.6725  	1.12605  	1  		
	07-Oct-2022	140.3668  	0.6405  	0.075  	5.2215  			943.92  		25.028  	7.5922  	0.9797  	82.4  	3.525  	145.02  	1404.2  		4.651  	45.033  	20.0502  	0.566  	10.6663  			58.624  	4.9588  		61.2475  		1.4291  	17.99205  	11.151  	0.99065  	37.422  			1.1196  	1  		
	11-Oct-2022	140.3055  	0.625  	0.0746  	5.2061  	1.4404  	1.3775  	945.06  	7.1853  	25.235  	7.6509  	0.9723  	82.3901  	3.58  	145.73  	1410.3  	0.31035  	4.672  	44.8796  	19.9652  	0.558  	10.7205  	0.3845  	3.968  	58.994  	5.0171  	3.64  	63.684  	3.75  	1.4404  		11.2969  	0.997  	38.123  	6.7726  	3.6725  	1.10685  	1  	41.086  	
	12-Oct-2022	140.3287  	0.6271  	0.0747  		1.4397  	1.3802  	933.88  	7.1707  	25.303  	7.6653  	0.9706  	82.2411  	3.565  	146.18  	1433.5  	0.31035  	4.685  	44.4433  	20.0352  	0.5583  	10.73  	0.3845  	3.981  	58.955  	5.0014  	3.64  	63.7559  	3.75  	1.4397  	18.23145  	11.3421  	0.9953  	38.143  	6.7456  	3.6725  	1.1081  	1  	41.131  	
	13-Oct-2022	140.3003  	0.6275  	0.0743  	5.3011  	1.4336  	1.3806  	933.14  	7.1903  	25.231  	7.6378  	0.9739  	82.4013  	3.576  	146.85  	1430.4  	0.31035  	4.688  	44.3885  	20.0398  	0.5619  	10.6299  	0.3845  	3.982  	58.962  	4.9905  	3.64  	63.4917  	3.75  	1.4336  	18.2505  	11.3642  	0.9987  		6.7373  	3.6725  	1.1155  	1  	41.248  	
	14-Oct-2022	140.1807  	0.6327  	0.0747  	5.2818  	1.422  	1.3856  	944.75  	7.1815  	25.298  	7.6544  	0.9717  	82.3877  	3.547  	147.37  	1427  		4.698  	44.2886  	20.0838  	0.5655  					4.9569  		63.0558  		1.422  	18.21465  	11.2693  	1.0029  		6.7327  		1.1246  	1  	41.2  	
	17-Oct-2022	140.2855  	0.623  	0.0744  	5.2707  	1.4269  	1.373  	950.72  	7.2021  	25.226  	7.6372  	0.9739  	82.4047  		148.58  	1428.9  	0.31035  	4.717  	44.4544  	19.9913  	0.5558  	10.6192  	0.3845  	3.977  	58.931  	4.9522  	3.64  	61.7634  	3.75  	1.4269  	18.13355  	11.2992  	1.002  	38.176  	6.7304  	3.6725  	1.12815  	1  	41.205  	
	18-Oct-2022	140.1392  	0.6322  	0.075  	5.2691  	1.4186  	1.3756  	967.73  	7.1901  	25.013  	7.5641  	0.9835  	82.2279  	3.533  	148.9  	1436.6  	0.30985  	4.718  	44.3694  	20.0207  	0.5666  	10.5265  	0.3845  	3.973  	58.993  	4.8929  	3.64  	61.7032  	3.75  	1.4186  	18.1056  	11.1111  	0.9974  	38.08  	6.7301  	3.6725  	1.12605  	1  	41.288  	
	19-Oct-2022	140.2384  	0.6312  	0.0747  	5.2802  	1.4208  	1.3779  	972.03  	7.218  	25.123  	7.6079  	0.9778  	82.3735  	3.541  	149.18  	1425.6  	0.30995  	4.721  	44.5011  	20.1272  	0.56965  	10.618  	0.3845  	3.981  	58.93  	4.8892  	3.64  	61.5905  	3.75  	1.4208  	18.23775  	11.126  	1.00285  	38.107  	6.7329  	3.6725  	1.1256  	1  	41.24  	
	20-Oct-2022	140.3975  	0.6254  	0.0743  	5.217  	1.4272  	1.3729  	978.06  	7.2332  	24.977  	7.5822  	0.9811  	83.2042  	3.551  	149.93  	1420.6  	0.3103  	4.7285  	44.7672  	20.0448  	0.56595  	10.6024  	0.3845  	3.973  	58.887  	4.9024  	3.64  	61.5018  	3.75  	1.4272  	18.2507  	11.2021  	1.0036  	38.311  	6.7384  	3.6725  	1.1215  	1  	41.204  	
	21-Oct-2022	140.3508  	0.6265  	0.0741  	5.1913  	1.4266  	1.3713  	972.08  	7.2476  	25.206  	7.6446  	0.973  	82.8619  	3.56  	150.38  	1431.7  		4.7375  	44.9786  	19.9647  	0.5663  	10.721  		3.979  	58.986  	4.9  		61.1958  		1.4266  	18.45325  	11.2637  	1.0112  	38.339  	6.7439  		1.11255  	1  	41.214  	
	24-Oct-2022	140.078  	0.6346  	0.0747  	5.2738  		1.3722  	978.49  	7.2586  	24.853  	7.551  	0.9851  		3.557  	146  	1436.6  	0.30995  			19.9535  		10.5492  	0.3845  	3.994  	58.83  	4.8669  	3.64  	61.1629  	3.75  		18.33195  	11.2349  	1.0022  			3.6725  	1.13045  	1  	41.203  	
	25-Oct-2022	140.118  	0.6325  	0.0741  	5.3085  	1.4214  	1.3638  	983.91  	7.3072  	24.817  	7.5436  	0.9861  	82.7626  	3.559  	149  	1436.6  	0.30985  	4.741  	44.7776  	19.8712  	0.5711  	10.5375  	0.3845  	3.992  	58.828  	4.8499  	3.64  	61.3326  	3.75  	1.4214  	18.47635  	11.1495  	1.00255  	38.229  	6.7687  	3.6725  	1.133  	1  	41.169  	
	26-Oct-2022	140.0837  	0.6403  	0.0748  	5.3242  	1.4156  	1.3565  	971.12  	7.2182  	24.469  	7.421  	1.0023  		3.501  	148.16  	1436.5  	0.3095  	4.726  	44.2928  	19.8553  	0.57315  	10.3171  	0.3845  	3.988  	58.824  	4.7538  		61.4277  	3.75  	1.4156  	17.99555  	10.9288  	0.9897  	37.917  	6.7556  	3.6725  	1.1566  	1  	40.976  	
	27-Oct-2022	140.1787  	0.6511  	0.0755  	5.2997  	1.4061  	1.3547  	953  	7.2334  	24.444  	7.4113  	1.0037  	82.3889  	3.525  	146.11  	1428.2  	0.3089  	4.7125  	44.0208  	19.8365  	0.58345  	10.3039  	0.3845  	3.976  	58.631  	4.7216  	3.64  	61.3589  	3.75  	1.4061  	18.08535  	10.8692  	0.99025  	37.76  	6.7403  	3.6725  	1.15615  	1  	40.765  	
	28-Oct-2022	140.4132  	0.6469  	0.0751  	5.3449  	1.4057  	1.3615  	945.31  	7.2476  		7.4789  	0.9951  	82.4092  	3.544  	146.6  	1418.1  		4.7215  	44.0289  	19.8303  	0.5819  	10.3201  		3.97  	58.288  	4.7477  		61.5343  		1.4057  	18.13255  	11.0038  	0.99525  	37.752  	6.7369  		1.1537  	1  	40.569  	
	31-Oct-2022	140.3259  	0.642  	0.0747  	5.2564  	1.4112  	1.3649  		7.2929  	24.697  	7.509  	0.9914  	82.3934  	3.53  	148.24  	1419.3  	0.30935  	4.7265  	44.078  	19.8245  	0.58085  	10.3922  	0.3845  	3.984  		4.734  	3.64  	61.6229  	3.75  	1.4112  	18.37895  	10.9919  	0.99985  	38.018  	6.7301  	3.6725  	1.15375  	1  	40.608  	
	01-Nov-2022		0.6423  	0.0746  	5.1494  	1.4137  	1.3614  		7.2741  	24.615  	7.4835  	0.9947  	82.7126  		148.73  	1422.2  	0.30965  	4.731  	44.1042  	19.7463  	0.58245  	10.2378  	0.3845  				3.64  	61.4275  	3.75  	1.4137  	18.086  	10.926  	0.99355  	37.903  	6.7436  	3.6725  	1.15585  	1  	40.532  	
	02-Nov-2022	140.3242  	0.6412  	0.0747  		1.4121  	1.363  	936.35  	7.2781  	24.735  	7.5122  	0.9908  	82.765  	3.54  	147.54  	1421.7  	0.30965  	4.741  			0.58435  	10.3339  	0.3845  	3.968  		4.7485  	3.64  	61.6175  	3.75  	1.4121  	18.086  	10.9882  	0.99615  	37.661  	6.7393  	3.6725  	1.1503  	1  		
	03-Nov-2022	140.3393  	0.6369  	0.0743  	5.1343  	1.4163  	1.3749  	937.79  	7.316  	25.162  	7.6318  	0.9753  	82.8835  	3.569  		1418  	0.3098  	4.746  	44.2312  	19.6673  	0.5818  	10.6165  	0.3845  	3.965  	58.224  	4.8291  	3.64  		3.75  	1.4163  	18.45615  	11.1763  	1.01365  	37.853  	6.7666  	3.6725  	1.1211  	1  	40.289  	
	04-Nov-2022	140.2087  	0.6348  	0.0742  	5.0354  	1.4172  	1.3517  	948.74  	7.2675  	24.737  	7.5384  	0.9872  	82.5287  	3.564  	148.25  	1422.1  		4.7465  	44.3062  	19.5202  	0.57715  	10.3342  		3.953  	58.661  	4.7975  				1.4172  	18.2825  	11.1428  	1.00605  	37.683  	6.7475  		1.1212  	1  	39.872  	
	07-Nov-2022	140.114  	0.643  	0.075  	5.088  	1.4078  	1.3493  	932.37  	7.2492  	24.317  	7.4445  	0.9993  	82.2112  	3.54  	147.02  	1422.4  	0.30955  	4.744  	44.6271  	19.4647  	0.5891  	10.2627  	0.3845  	3.949  	58.622  	4.6926  	3.64  	61.2367  	3.75  	1.4078  		10.8834  	0.98985  	37.407  	6.7709  	3.6725  	1.1446  	1  	39.9  	
	08-Nov-2022	140.1316  	0.6464  	0.0756  	5.1738  	1.4021  	1.3441  	919.58  	7.2583  	24.335  	7.4408  	0.9996  		3.532  	146.5  	1406.5  	0.3092  	4.7425  	44.6112  	19.4775  	0.5944  	10.2836  	0.3845  	3.924  	58.501  	4.6893  	3.64  	60.9774  	3.75  	1.4021  	17.8475  	10.8602  	0.9903  	37.337  	6.769  	3.6725  	1.1466  	1  	40.014  	
	09-Nov-2022	140.0817  	0.65  	0.0757  	5.1623  	1.3988  	1.348  	907.35  	7.2483  	24.253  	7.4093  	1.0039  	81.48  	3.543  	145.72  	1387.3  	0.30895  	4.718  	44.4783  	19.5887  	0.59505  	10.2819  	0.3845  	3.911  	58.292  	4.6817  	3.64  	61.0611  	3.75  	1.3988  	17.8094  	10.7401  	0.9826  	36.853  	6.7538  	3.6725  	1.14605  	1  	40.108  	
	10-Nov-2022	140.4647  	0.6419  	0.0755  	5.3058  	1.4021  	1.3378  	904.42  	7.2512  	24.475  	7.4725  	0.9954  	81.7421  	3.563  	146.33  	1368.3  	0.30915  	4.7058  	44.1546  	19.394  	0.5889  	10.4094  	0.3845  	3.866  	58.077  	4.7328  	3.64  	61.2434  	3.75  	1.4021  	17.8101  	10.8931  	0.98965  	36.884  	6.7607  	3.6725  	1.13745  	1  	40.056  	
	11-Nov-2022	140.0445  	0.6621  	0.0768  	5.3045  	1.3839  		893.54  	7.1069  	23.555  	7.2161  	1.0308  	80.6483  	3.451  	142.45  	1370.1  		4.642  	43.9203  	19.5353  	0.6005  	9.9568  			58.125  			60.2179  		1.3839  	17.2684  	10.5417  	0.9575  	36.004  	6.7422  		1.17605  	1  	39.978  	
	14-Nov-2022	139.2681  	0.6682  	0.0772  	5.3007  	1.3718  	1.3288  	887.46  	7.0375  	23.544  	7.2083  	1.0319  	81.2332  	3.438  	139.6  	1334.1  	0.3079  	4.586  	43.9784  	19.4015  	0.611  	9.9954  	0.3845  	3.856  	57.351  	4.5383  	3.64  	60.3982  	3.75  	1.3718  	17.31275  	10.3898  	0.94735  	35.81  	6.7558  	3.6725  	1.17675  	1  	39.849  	
	15-Nov-2022	138.2647  	0.6696  	0.0773  		1.3729  	1.329  	898.72  	7.0322  	23.379  	7.1499  	1.0404  	81.428  	3.435  	140.38  	1320.3  	0.3079  	4.5898  	43.9252  	19.3818  	0.609  	9.9548  	0.3845  		57.312  	4.5143  	3.64  	60.3116  	3.75  	1.3729  	17.235  	10.3678  	0.94045  	35.693  	6.7583  	3.6725  	1.1872  	1  	39.711  	
	16-Nov-2022	138.2233  	0.6744  	0.0772  	5.3198  	1.3737  	1.3311  	889.14  	7.0715  	23.394  	7.1443  	1.0412  	81.3354  	3.421  	139.53  	1322.4  	0.3078  	4.54  	43.945  	19.3137  	0.61375  	9.9573  	0.3845  	3.837  	57.349  	4.505  	3.64  	60.3484  	3.75  	1.3737  	17.2922  	10.4393  	0.94  	35.7  	6.7492  	3.6725  	1.1899  	1  	39.773  	
	17-Nov-2022	138.3709  	0.6708  	0.0772  	5.4649  	1.3729  	1.335  	895.68  	7.1232  		7.2084  	1.0319  	81.6335  	3.457  	139.44  	1325.6  	0.30765  	4.55  	43.8566  	19.4333  	0.614  	10.1735  	0.3845  	3.84  	57.436  	4.5387  	3.64  	60.3894  	3.75  	1.3729  	17.2469  	10.4847  	0.94845  	35.849  	6.7491  	3.6725  	1.1861  	1  	40.117  	
	18-Nov-2022	138.6306  	0.6704  	0.077  	5.3471  	1.3724  	1.3385  	920.86  	7.1241  	23.493  	7.1759  	1.0366  	81.6975  	3.477  	140.22  	1338.4  			43.8388  	19.493  	0.614  	10.1158  		3.827  	57.451  	4.5337  		60.3741  		1.3724  	17.389  	10.616  	0.95265  	35.838  	6.7647  		1.1912  	1  	39.801  	
	21-Nov-2022	139.1147  	0.6645  	0.0769  	5.3253  	1.3774  	1.3452  	929.3  	7.1647  	23.77  	7.2591  	1.0246  	81.7732  	3.464  	140.29  	1340  	0.308  	4.5595  	43.9256  		0.6145  	10.2379  	0.3845  	3.831  	57.347  	4.5991  	3.64  	60.7379  	3.75  	1.3774  		10.6953  	0.95795  	36.063  	6.7625  	3.6725  	1.1807  	1  	39.534  	
	22-Nov-2022	139.097  	0.6624  	0.0769  	5.3333  	1.3804  	1.3396  	947.06  	7.1579  	23.703  	7.2393  	1.0274  	81.7742  	3.475  	142.05  	1352.3  	0.30815  	4.577  	43.9106  	19.4667  	0.611  	10.166  		3.842  	57.314  	4.5844  	3.64  	60.6566  	3.75  	1.3804  		10.6838  	0.95485  	36.178  	6.7672  	3.6725  	1.18765  	1  	39.282  	
	23-Nov-2022	138.672  	0.6639  	0.0771  	5.3924  	1.38  	1.3392  	935.29  	7.1491  	23.591  	7.2029  	1.0325  	81.8165  	3.453  		1355.7  	0.30795  	4.574  	43.9259  	19.3683  	0.6165  	10.0396  	0.3845  	3.848  	57.394  	4.548  	3.64  	60.5043  	3.75  	1.38  		10.6211  	0.9512  	36.158  	6.7557  	3.6725  	1.19375  	1  	39.161  	
	28-Nov-2022	138.4358  	0.6693  	0.0774  	5.3791  	1.3772  	1.3453  	915.81  	7.1999  	23.279  	7.1076  	1.0463  	81.7545  	3.438  	139.06  	1326.8  			43.9988  	19.325  	0.6225  	9.9054  	0.3845  	3.851  	56.753  	4.4827  	3.64  	60.752  	3.75  	1.3772  	17.1143  	10.4171  	0.94275  	35.86  		3.6725  	1.20935  	1  	39.52  	
	29-Nov-2022	138.4889  	0.6706  	0.0776  	5.307  	1.3742  	1.3578  	916.36  	7.1649  	23.477  	7.1741  	1.0366  	81.7121  	3.431  	138.85  	1339  	0.3074  	4.506  	43.7558  	19.216  	0.6168  	9.9665  	0.3845  	3.84  	56.796  	4.5164  	3.64  	61.0742  	3.75  	1.3742  	17.0004  	10.5042  	0.94975  	35.634  	6.746  	3.6725  	1.20235  	1  	39.379  	
	30-Nov-2022	138.5775  	0.6698  	0.0778  	5.2935  	1.3722  	1.3508  	905.7  	7.1418  	23.434  	7.1671  	1.0376  	81.597  	3.441  	138.8  	1331.5  	0.30755  	4.475  	43.9425  	19.3965  	0.6208  	9.8928  	0.3845  	3.849  		4.5066  	3.64  	60.8803  	3.75  	1.3722  	16.9746  	10.5592  	0.94965  	35.35  	6.7265  	3.6725  	1.2011  	1  	39.392  	
	01-Dec-2022	138.2233  	0.6809  	0.0778  	5.1942  		1.3433  	894.82  	7.076  	23.304  	7.1143  	1.0454  	81.1512  	3.414  	136.25  	1320.1  	0.3071  	4.4075  	43.9584  	19.1433  	0.6321  	9.8044  		3.827  	56.598  	4.4911  	3.64  		3.75  		17.384  	10.4954  	0.9459  	34.989  	6.7421  		1.21665  	1  	39.072  	
	02-Dec-2022	138.0727  	0.6813  	0.0771  	5.1968  		1.3468  	885.77  	7.0426  	23.139  	7.0576  	1.0538  	81.1771  	3.379  	135.5  	1300.8  		4.3965  	43.7644  	19.3422  	0.63585  	9.7376  		3.826  	56.318  	4.4492  					17.5034  	10.3171  	0.93335  	34.774  	6.7543  		1.2278  	1  	39.199  	
	05-Dec-2022	138.0546  	0.6841  	0.0777  	5.2457  	1.3448  	1.3532  	881.87  	6.9628  	22.998  	7.0246  	1.0587  	81.5855  	3.386  	134.68  	1300.4  	0.30635  	4.367  	44.0699  	19.7567  	0.64075  	9.7635  	0.3845  	3.844  	55.983  	4.4415  	3.64  	62.1849  	3.75  	1.3448  	17.2587  	10.317  	0.93455  		6.7464  	3.6725  	1.22795  	1  	39.305  	
	06-Dec-2022	138.0845  	0.6731  	0.0771  	5.239  	1.3561  	1.3649  	886.26  	6.9941  	23.12  	7.073  	1.0516  	82.28  	3.408  	136.5  	1293.2  	0.30685  	4.3805  	43.7542  	19.803  	0.63345  	9.9285  	0.3845  	3.843  	55.822  	4.4787  	3.64  	62.9103  	3.75  	1.3561  	17.3461  	10.3972  	0.94025  	35.052  	6.7501  	3.6725  	1.2215  	1  	39.205  	
	07-Dec-2022	138.2442  	0.6692  	0.0772  	5.2202  	1.3584  	1.364  	884.74  	6.9802  	23.105  	7.0645  	1.0529  	82.5391  	3.445  	137.27  	1309  	0.307  	4.4055  	43.6995  	19.6977  	0.6316  	9.9967  	0.3845  	3.83  	56.018  	4.4834  	3.64  	62.9372  	3.75  	1.3584  	17.3465  	10.4198  	0.9426  	35.078  	6.7625  	3.6725  	1.21455  	1  	39.07  	
	08-Dec-2022	137.9368  	0.6716  	0.0778  	5.2085  	1.3571  	1.3582  		6.9704  	23.127  	7.0712  	1.0519  	82.2844  	3.441  	136.57  	1319.5  	0.3069  	4.406  	43.7254  	19.6732  	0.63405  	9.9705  	0.3845  			4.476  	3.64  	62.5722  	3.75  	1.3571  	17.2011  	10.3668  	0.94165  	34.799  	6.7452  	3.6725  	1.21735  	1  	39.029  	
	09-Dec-2022	137.6884  	0.6792  	0.0779  	5.239  	1.3505  	1.363  	878.58  	6.9494  	23.007  	7.0441  	1.0559  	82.2092  	3.42  	136.88  	1320.4  		4.3988  	43.8778  	19.8192  	0.63755  	9.9768  			55.611  	4.4351  		62.3813  		1.3505  	17.161  	10.3133  	0.93255  	34.784  	6.7392  		1.2265  	1  	38.873  	
	12-Dec-2022	137.8126  	0.6779  	0.0774  	5.306  	1.3552  	1.3658  	861.51  	6.9745  	23.016  	7.0421  	1.0562  	82.6425  	3.428  	136.77  	1306.6  	0.3068  	4.4185  	43.9099  		0.6387  	9.9932  	0.3845  	3.828  	55.27  	4.4424  	3.64  	62.7674  	3.75  	1.3552  	17.4977  	10.3482  	0.93185  		6.7446  	3.6725  	1.22765  	1  	38.81  	
	13-Dec-2022	137.7061  	0.6755  	0.0769  	5.2663  	1.3552  	1.3547  	860.03  	6.9783  	23.03  	7.0546  	1.0545  	82.7154  	3.433  	137.8  	1310  	0.3068  	4.4345  	43.704  	19.6458  	0.63945  	9.9269  	0.3845  	3.826  	55.55  	4.4527  	3.64  	63.212  	3.75  	1.3552  	17.6174  	10.3017  	0.93705  	34.784  	6.7504  	3.6725  	1.22915  	1  	38.683  	
	14-Dec-2022	137.3631  	0.6837  	0.0778  	5.34  	1.3483  	1.3561  	858.07  	6.9495  	22.798  	6.9858  	1.0649  	82.517  	3.41  	135.53  	1304.4  	0.3063  	4.415  	44.0408  	19.6955  	0.6445  	9.7305  	0.3845  	3.831  	55.815  	4.3973  	3.64  	63.359  	3.75  	1.3483  	17.1786  	10.2074  	0.92805  	34.614  	6.7499  	3.6725  	1.237  	1  	38.627  	
	15-Dec-2022	137.2271  	0.6824  	0.0779  	5.3177  	1.3487  	1.364  	862.85  	6.9642  	22.853  	7.0038  	1.0621  	82.4822  	3.425  	135.37  	1296  	0.3062  	4.4075  	43.9845  	19.7963  	0.64605  	9.7931  	0.3845  	3.841  	55.701  	4.41  	3.64  	64.3015  	3.75  	1.3487  	17.3492  	10.2432  	0.92785  	34.774  	6.7499  	3.6725  	1.2309  	1  	38.788  	
	16-Dec-2022	137.2863  	0.6706  	0.0773  	5.2801  	1.3564  	1.3687  	875.56  	6.9752  	22.846  	7.0043  	1.0619  	82.8184  	3.451  	137.63  	1301  		4.424  	43.7744  	19.7932  	0.6353  	9.8722  			55.742  	4.4227  		64.6078  		1.3564  		10.3476  	0.92955  	35.01  	6.768  		1.2191  	1  	38.848  	